route,lb,lb_seen,H,Pmax,method,seed
A,0,True,0.003205501922938024,0.9995125059811574,airl,0
A,1,True,0.0032203939826597927,0.9994866521853321,airl,0
A,2,True,0.002932810909705499,0.9995499331996126,airl,0
A,3,True,0.003425840875107987,0.9994458668636825,airl,0
A,4,True,0.0038504553658939324,0.9993038244967191,airl,0
A,5,True,0.004128634852220694,0.9992309347638544,airl,0
A,6,True,0.004182094075108923,0.9992117173266861,airl,0
A,7,True,0.0032154038400203943,0.9994638517217816,airl,0
A,8,True,0.0037241931299243232,0.9993558346100573,airl,0
A,9,True,0.00408091129576296,0.9992800456173015,airl,0
A,10,True,0.0032470860836247566,0.9995007436230497,airl,0
B,0,True,0.16410683922751446,0.9586162256697813,airl,0
B,1,True,0.16924105506817,0.954216709981362,airl,0
B,2,True,0.17671668596611312,0.950673446059227,airl,0
B,3,True,0.17519726623999077,0.9520299521585306,airl,0
B,4,True,0.1819656467146397,0.9477466580768427,airl,0
B,5,True,0.18650055052836478,0.9465765655040741,airl,0
B,6,True,0.18652626397834146,0.9444356436530749,airl,0
B,7,True,0.17270328047238573,0.9531158755222956,airl,0
B,8,True,0.17911871837902046,0.9497961401939392,airl,0
B,9,True,0.1814213141991606,0.9468067189057668,airl,0
B,10,True,0.17006059722888742,0.9531899131834507,airl,0
C,0,True,0.11193099477265059,0.96065858290309,airl,0
C,1,True,0.11068591563928212,0.9621080812953767,airl,0
C,2,True,0.1050948796698756,0.9649327879860288,airl,0
C,3,True,0.10877508594202959,0.9645200967788696,airl,0
C,4,True,0.10797039671920554,0.9666767943473089,airl,0
C,5,True,0.11018082232367901,0.9658971556595394,airl,0
C,6,True,0.10732038060101531,0.9676427287714822,airl,0
C,7,True,0.1038311039673144,0.9679500063260397,airl,0
C,8,True,0.10486458418616335,0.9681929108642396,airl,0
C,9,True,0.1085145606829607,0.9650777677694956,airl,0
C,10,True,0.11235788140755128,0.9616568755535853,airl,0
D,0,True,0.7012717127799988,0.7484016716480255,airl,0
D,1,True,0.63907191157341,0.7968036532402039,airl,0
D,2,True,0.5988296866416931,0.790330708026886,airl,0
D,3,True,0.6408021450042725,0.8215977549552917,airl,0
D,4,True,0.6205956339836121,0.8353500664234161,airl,0
D,5,True,0.6510003209114075,0.8385362923145294,airl,0
D,6,True,0.6101576536893845,0.8534325361251831,airl,0
D,7,True,0.6045906245708466,0.8258216381072998,airl,0
D,8,True,0.6260473430156708,0.8258801102638245,airl,0
D,9,True,0.621301680803299,0.8012256026268005,airl,0
D,10,True,0.6125657260417938,0.8193671405315399,airl,0
A,0,True,0.004139283228561076,0.9993189854441948,airl,1
A,1,True,0.003402751507710834,0.999464324060476,airl,1
A,2,True,0.0032445657761264934,0.9994852554123357,airl,1
A,3,True,0.0036285540851556004,0.9994093202195078,airl,1
A,4,True,0.0033938182877949535,0.9994545826372111,airl,1
A,5,True,0.003487015513016713,0.9994303021790847,airl,1
A,6,True,0.0035111159548321513,0.9994275626146568,airl,1
A,7,True,0.0034394652852170714,0.9994415652077153,airl,1
A,8,True,0.0033212894938154727,0.9994838923778174,airl,1
A,9,True,0.0031720300375607897,0.9994824753617341,airl,1
A,10,True,0.004436038980552997,0.9992309381377023,airl,1
B,0,True,0.180468588087327,0.9409308185180029,airl,1
B,1,True,0.1828352260154702,0.9388051629066467,airl,1
B,2,True,0.17979769074882293,0.9403011401494344,airl,1
B,3,True,0.19174755426382717,0.9306209410230318,airl,1
B,4,True,0.18568668120910084,0.9359537760416666,airl,1
B,5,True,0.18106448693462576,0.9395150393247604,airl,1
B,6,True,0.1793485100372815,0.9405331214269003,airl,1
B,7,True,0.19106886450674665,0.9336266480386257,airl,1
B,8,True,0.18833966659428825,0.9342011337478956,airl,1
B,9,True,0.19256226579621702,0.9317384523650011,airl,1
B,10,True,0.17343168408444853,0.9457091800868511,airl,1
C,0,True,0.10193668723721723,0.9648360198452359,airl,1
C,1,True,0.10235346390611864,0.9658403893311819,airl,1
C,2,True,0.09772176295183228,0.9687299047197614,airl,1
C,3,True,0.09874250858610183,0.9678832179024106,airl,1
C,4,True,0.09745949262972838,0.9682155067012423,airl,1
C,5,True,0.09457629519256659,0.9698346342359271,airl,1
C,6,True,0.09401930268603835,0.969910877091544,airl,1
C,7,True,0.10033929416763818,0.96675743943169,airl,1
C,8,True,0.10513029487596473,0.964857660588764,airl,1
C,9,True,0.09553651704044612,0.9690035837037223,airl,1
C,10,True,0.10141463863670824,0.9642588879380908,airl,1
D,0,True,0.5440478920936584,0.7670145928859711,airl,1
D,1,True,0.5265149772167206,0.732507973909378,airl,1
D,2,True,0.5105561167001724,0.7560133039951324,airl,1
D,3,True,0.5248410850763321,0.7678916156291962,airl,1
D,4,True,0.5162529498338699,0.7355194091796875,airl,1
D,5,True,0.5138839334249496,0.7339038550853729,airl,1
D,6,True,0.5091805309057236,0.7299334406852722,airl,1
D,7,True,0.5442913472652435,0.7554644048213959,airl,1
D,8,True,0.49463191628456116,0.7831136882305145,airl,1
D,9,True,0.5254384726285934,0.7274515628814697,airl,1
D,10,True,0.5198891758918762,0.7338804602622986,airl,1
A,0,True,0.005279336295684612,0.9990075534244753,airl,2
A,1,True,0.004514247268673712,0.999228503344194,airl,2
A,2,True,0.00474187508326893,0.9991327737862209,airl,2
A,3,True,0.00487393751670099,0.9990729790813518,airl,2
A,4,True,0.004752487891287322,0.9991254761533918,airl,2
A,5,True,0.005065119919807615,0.9990412941518819,airl,2
A,6,True,0.004633807004439299,0.999138354130511,airl,2
A,7,True,0.004116629835338253,0.9992957610004353,airl,2
A,8,True,0.004413086824062364,0.9992119613683449,airl,2
A,9,True,0.004735079740170748,0.9990851429273497,airl,2
A,10,True,0.004428447362230742,0.9992272370266464,airl,2
B,0,True,0.1753599168925272,0.95045197630922,airl,2
B,1,True,0.16604977569477342,0.9563701562583447,airl,2
B,2,True,0.16692432244284797,0.9539086396495501,airl,2
B,3,True,0.18396377980405987,0.9471287839114666,airl,2
B,4,True,0.18911457377904148,0.944215327501297,airl,2
B,5,True,0.194825724114177,0.9439929202198982,airl,2
B,6,True,0.1759584451424606,0.9487410249809424,airl,2
B,7,True,0.16981107729426034,0.9517866124709448,airl,2
B,8,True,0.17848399509635252,0.9490737120310465,airl,2
B,9,True,0.18341027669085483,0.9464803636074066,airl,2
B,10,True,0.16126710896818017,0.9563308420280615,airl,2
C,0,True,0.10694167493651159,0.9590435368674142,airl,2
C,1,True,0.11257276350721397,0.9520260521343776,airl,2
C,2,True,0.10820125609921845,0.9579433954897381,airl,2
C,3,True,0.10613745670730168,0.9597943056197393,airl,2
C,4,True,0.10589644180899563,0.9597015203464598,airl,2
C,5,True,0.1042225942992337,0.9600312567892528,airl,2
C,6,True,0.1052871428624669,0.9603376005377088,airl,2
C,7,True,0.1094679541917815,0.9576374533630553,airl,2
C,8,True,0.10199784285456796,0.9609906616665068,airl,2
C,9,True,0.1050449535308265,0.961196318978355,airl,2
C,10,True,0.1086428804533387,0.9570256812231881,airl,2
D,0,True,0.548846885561943,0.8809882998466492,airl,2
D,1,True,0.49222294986248016,0.9002024233341217,airl,2
D,2,True,0.515044316649437,0.8897623419761658,airl,2
D,3,True,0.4675641357898712,0.8971433937549591,airl,2
D,4,True,0.4870077073574066,0.8927616477012634,airl,2
D,5,True,0.47548413276672363,0.8944906294345856,airl,2
D,6,True,0.4980218708515167,0.8884179890155792,airl,2
D,7,True,0.4484100043773651,0.9057614207267761,airl,2
D,8,True,0.5119718909263611,0.8805428445339203,airl,2
D,9,True,0.5446838140487671,0.871837854385376,airl,2
D,10,True,0.48137909919023514,0.903219997882843,airl,2
A,0,True,0.010334484351800012,0.9975558058270868,airl,3
A,1,True,0.011843272807810399,0.9967328096335789,airl,3
A,2,True,0.011474267469283648,0.9972309312730465,airl,3
A,3,True,0.009113086551744285,0.9979479436604481,airl,3
A,4,True,0.008803327970206668,0.9979223395293614,airl,3
A,5,True,0.00966479544356153,0.9974915486461712,airl,3
A,6,True,0.009122780359835249,0.997822753663333,airl,3
A,7,True,0.009008969258464401,0.9977551158869041,airl,3
A,8,True,0.011013198698763835,0.9968644380569458,airl,3
A,9,True,0.010094791620344778,0.9973049546187779,airl,3
A,10,True,0.010157599154088655,0.9977460379870433,airl,3
B,0,True,0.20579163513263174,0.9323516922692457,airl,3
B,1,True,0.17673797909084024,0.9494622821609179,airl,3
B,2,True,0.18879727621206635,0.9421725769837698,airl,3
B,3,True,0.17456161303025888,0.9530095259348551,airl,3
B,4,True,0.16840213972970255,0.9554300233721733,airl,3
B,5,True,0.16794485096906442,0.954734206199646,airl,3
B,6,True,0.1672601319803372,0.9556693186362585,airl,3
B,7,True,0.1792509216630549,0.9475806852181753,airl,3
B,8,True,0.16773372091203478,0.9534090782205263,airl,3
B,9,True,0.1920791346678167,0.9396432042121887,airl,3
B,10,True,0.20527202703632005,0.9324455012877783,airl,3
C,0,True,0.11767868240075954,0.9566544464656285,airl,3
C,1,True,0.12452527937963558,0.9502707393396468,airl,3
C,2,True,0.12695605005962665,0.9478171709037962,airl,3
C,3,True,0.11752377505053162,0.957042437224161,airl,3
C,4,True,0.11422761165477996,0.9570347042310805,airl,3
C,5,True,0.1145438496784577,0.9550046452454158,airl,3
C,6,True,0.10880921917670267,0.9606060045106071,airl,3
C,7,True,0.11021953850390023,0.9584859481879643,airl,3
C,8,True,0.10997698635137135,0.9589333165259588,airl,3
C,9,True,0.1182629283521183,0.9567513934203556,airl,3
C,10,True,0.11745316557525734,0.9528373536609468,airl,3
D,0,True,0.6514685451984406,0.8046234250068665,airl,3
D,1,True,0.635965496301651,0.8291823267936707,airl,3
D,2,True,0.5245603621006012,0.8702853918075562,airl,3
D,3,True,0.5616129040718079,0.8423143327236176,airl,3
D,4,True,0.5391108393669128,0.8512298166751862,airl,3
D,5,True,0.5528203845024109,0.8496721088886261,airl,3
D,6,True,0.5878367573022842,0.8257202208042145,airl,3
D,7,True,0.5549001544713974,0.8371368944644928,airl,3
D,8,True,0.5713975429534912,0.8461833596229553,airl,3
D,9,True,0.6531219482421875,0.8129809498786926,airl,3
D,10,True,0.5202644467353821,0.8779524862766266,airl,3
A,0,True,0.003924326375061849,0.9993219802964408,airl,4
A,1,True,0.004382343684642874,0.9992186472101031,airl,4
A,2,True,0.0039785104131963575,0.999319093407325,airl,4
A,3,True,0.003699121470351833,0.9993662204382554,airl,4
A,4,True,0.0037426321853422932,0.9993588676992452,airl,4
A,5,True,0.002964120339685395,0.9995136665848067,airl,4
A,6,True,0.0031534346798697244,0.9994785628228817,airl,4
A,7,True,0.0024961811372911447,0.999627855588805,airl,4
A,8,True,0.002962246046191351,0.9995326129895337,airl,4
A,9,True,0.002913506062457585,0.99953567419412,airl,4
A,10,True,0.004349090372928021,0.9992440916457266,airl,4
B,0,True,0.2046532656670479,0.9401414506137371,airl,4
B,1,True,0.22058894583060842,0.9347562131782373,airl,4
B,2,True,0.20464023757460836,0.9398941037555536,airl,4
B,3,True,0.20132883321946338,0.9421918131411076,airl,4
B,4,True,0.2043828756241434,0.941466961055994,airl,4
B,5,True,0.20537849918753182,0.9431302237013975,airl,4
B,6,True,0.20007314495097717,0.944570679217577,airl,4
B,7,True,0.20369656036124675,0.9418621882796288,airl,4
B,8,True,0.21114164914179887,0.938864391297102,airl,4
B,9,True,0.2290144374783646,0.9284210925300916,airl,4
B,10,True,0.2068013591997063,0.9389870489637057,airl,4
C,0,True,0.12323052111711756,0.9541462645644233,airl,4
C,1,True,0.11819120749536134,0.9579731637523288,airl,4
C,2,True,0.11628772638411126,0.9578146608102889,airl,4
C,3,True,0.11746243793034712,0.9570450030622029,airl,4
C,4,True,0.11706011447242981,0.9576954032693591,airl,4
C,5,True,0.12265928934731987,0.9560228089491526,airl,4
C,6,True,0.12083147827437253,0.9571854372819265,airl,4
C,7,True,0.11516876149740017,0.9617800116539001,airl,4
C,8,True,0.11819509577192851,0.9591953910532451,airl,4
C,9,True,0.12329438588779426,0.9546976699715569,airl,4
C,10,True,0.1246547417290891,0.9526048274267287,airl,4
D,0,True,0.6794683039188385,0.8312151730060577,airl,4
D,1,True,0.6636930704116821,0.8155969977378845,airl,4
D,2,True,0.6267845630645752,0.8259364664554596,airl,4
D,3,True,0.6489551365375519,0.8258132934570312,airl,4
D,4,True,0.6446920037269592,0.816302478313446,airl,4
D,5,True,0.7333681285381317,0.7886892855167389,airl,4
D,6,True,0.6900635361671448,0.7997937500476837,airl,4
D,7,True,0.7065902948379517,0.7560112178325653,airl,4
D,8,True,0.6780519187450409,0.7783243954181671,airl,4
D,9,True,0.7536217272281647,0.773391455411911,airl,4
D,10,True,0.5910248458385468,0.857716977596283,airl,4
A,0,True,0.056137855614992384,0.9862367409580158,bc,0
A,1,True,0.05592686279219979,0.98618109945981,bc,0
A,2,True,0.0492543441283007,0.9882613690394275,bc,0
A,3,True,0.04540616001072779,0.9903184839014737,bc,0
A,4,True,0.053836221572776094,0.9873543336706342,bc,0
A,5,True,0.05082556500016132,0.9879760472279675,bc,0
A,6,True,0.04375466221574483,0.9904902195030788,bc,0
A,7,True,0.04710315303209255,0.9897999493580945,bc,0
A,8,True,0.04163299759142628,0.9908603969609963,bc,0
A,9,True,0.041675345223168576,0.9907190810959294,bc,0
A,10,True,0.05762613116860179,0.9857720496519556,bc,0
B,0,True,0.4242922919220291,0.8855840712785721,bc,0
B,1,True,0.42537278727589484,0.8822683294614156,bc,0
B,2,True,0.43251580155144137,0.8787112385034561,bc,0
B,3,True,0.42904351093845133,0.8749020049969355,bc,0
B,4,True,0.45078651450846036,0.873219278951486,bc,0
B,5,True,0.4356951153992365,0.8779377477864424,bc,0
B,6,True,0.4136795192801704,0.8814009254177412,bc,0
B,7,True,0.42334140137730475,0.8798414270083109,bc,0
B,8,True,0.42827817184540135,0.8715531292061011,bc,0
B,9,True,0.42742027558657963,0.873484684775273,bc,0
B,10,True,0.4206606893179317,0.8857494220137596,bc,0
C,0,True,0.23039290419962657,0.9272650026139759,bc,0
C,1,True,0.23758511648408048,0.924823617651349,bc,0
C,2,True,0.2317622613045387,0.927603141892524,bc,0
C,3,True,0.23372888544275025,0.9268753429253896,bc,0
C,4,True,0.23851798479500713,0.9279260919207618,bc,0
C,5,True,0.2329067933217933,0.9275052284910565,bc,0
C,6,True,0.23269606955831737,0.924584061616943,bc,0
C,7,True,0.22803864806857227,0.9267445100205285,bc,0
C,8,True,0.23649466202117592,0.9286580603747141,bc,0
C,9,True,0.234302924818448,0.9291773154622033,bc,0
C,10,True,0.23305901626147152,0.9253960634980883,bc,0
D,0,True,0.9461615681648254,0.7529507279396057,bc,0
D,1,True,0.8036099672317505,0.8225801289081573,bc,0
D,2,True,1.0995278060436249,0.7042868733406067,bc,0
D,3,True,1.077469289302826,0.6987949013710022,bc,0
D,4,True,1.2378231287002563,0.6491982340812683,bc,0
D,5,True,1.0816605985164642,0.7207064926624298,bc,0
D,6,True,0.8417782783508301,0.8059740364551544,bc,0
D,7,True,1.010653555393219,0.7411240637302399,bc,0
D,8,True,1.1108872294425964,0.668510228395462,bc,0
D,9,True,1.0846383273601532,0.6874030530452728,bc,0
D,10,True,0.7760806083679199,0.82703498005867,bc,0
A,0,True,0.04619026120492907,0.988557646859367,bc,1
A,1,True,0.04793004798351453,0.9881853764911868,bc,1
A,2,True,0.047720233690134194,0.9880535984939,bc,1
A,3,True,0.03792084234476722,0.9914966101916332,bc,1
A,4,True,0.04171321488574217,0.9911871361282637,bc,1
A,5,True,0.04389885478029203,0.9906568032390667,bc,1
A,6,True,0.04850306644605227,0.9906496698001646,bc,1
A,7,True,0.041650621710292435,0.9907853907009341,bc,1
A,8,True,0.037864091319585534,0.991420438829458,bc,1
A,9,True,0.037307641426659245,0.9916378855705261,bc,1
A,10,True,0.046951599656340645,0.9883824092037273,bc,1
B,0,True,0.42381862470453296,0.8693468756973743,bc,1
B,1,True,0.42689351534257486,0.8638867530971766,bc,1
B,2,True,0.4286853132362012,0.8683000765740871,bc,1
B,3,True,0.43288059293990955,0.8668156377971172,bc,1
B,4,True,0.4443657553444306,0.8716601493457953,bc,1
B,5,True,0.456292570879062,0.867681891967853,bc,1
B,6,True,0.4862637335512166,0.8598362145324548,bc,1
B,7,True,0.4275536330921265,0.8815665046374003,bc,1
B,8,True,0.41701877953407046,0.8762155870596567,bc,1
B,9,True,0.4298337444585438,0.8624098797639211,bc,1
B,10,True,0.4068462808403031,0.8735244646668434,bc,1
C,0,True,0.2468710380489938,0.9085334830340885,bc,1
C,1,True,0.23214707392201359,0.9151556044816971,bc,1
C,2,True,0.25061681719740764,0.9083604103042966,bc,1
C,3,True,0.23916251741216651,0.9215887600467318,bc,1
C,4,True,0.25523256086411755,0.9220364739497503,bc,1
C,5,True,0.2631977963970885,0.9197355821019128,bc,1
C,6,True,0.28164489076118027,0.9202912364687238,bc,1
C,7,True,0.2568086557467246,0.9209529565913337,bc,1
C,8,True,0.23527979439989263,0.9233589292991728,bc,1
C,9,True,0.23329546257099582,0.9214652769622349,bc,1
C,10,True,0.22970696739364593,0.9160478498254504,bc,1
D,0,True,1.0982095003128052,0.6357659697532654,bc,1
D,1,True,0.965602457523346,0.6986613273620605,bc,1
D,2,True,1.1167854964733124,0.6380994915962219,bc,1
D,3,True,1.1337468922138214,0.6302817165851593,bc,1
D,4,True,1.1313798129558563,0.656433641910553,bc,1
D,5,True,1.139424443244934,0.6602016985416412,bc,1
D,6,True,1.2036288678646088,0.6756735742092133,bc,1
D,7,True,1.16068696975708,0.6045688092708588,bc,1
D,8,True,1.130848377943039,0.6020423471927643,bc,1
D,9,True,1.1929252445697784,0.5856841802597046,bc,1
D,10,True,0.9123100936412811,0.696884423494339,bc,1
A,0,True,0.05132919922251395,0.9879284984660599,bc,2
A,1,True,0.05539168984923547,0.9866187741171639,bc,2
A,2,True,0.05024005572711346,0.9883150728243701,bc,2
A,3,True,0.04568615067258196,0.9896167831600837,bc,2
A,4,True,0.05275328780902233,0.9885679157275074,bc,2
A,5,True,0.057661494872761225,0.987982728571262,bc,2
A,6,True,0.057537115818188295,0.9878353847647613,bc,2
A,7,True,0.04447058386186946,0.990148238415988,bc,2
A,8,True,0.048285604437004845,0.9890127631853212,bc,2
A,9,True,0.04334469894298686,0.9900101726909853,bc,2
A,10,True,0.05088140815386619,0.9881559509151386,bc,2
B,0,True,0.46730558122120175,0.8565698688228925,bc,2
B,1,True,0.4867549593327567,0.849208377301693,bc,2
B,2,True,0.4601394659645545,0.8574389728407065,bc,2
B,3,True,0.44949358864687383,0.8651369214057922,bc,2
B,4,True,0.46389668095313635,0.8676244728267193,bc,2
B,5,True,0.513555856004435,0.8437405253450075,bc,2
B,6,True,0.5070792354429917,0.848261509090662,bc,2
B,7,True,0.4386934428427291,0.871594867358605,bc,2
B,8,True,0.44620177142496686,0.8706010915338993,bc,2
B,9,True,0.4305559965966192,0.872649139414231,bc,2
B,10,True,0.4603677795579036,0.8572590326269468,bc,2
C,0,True,0.2431274834199853,0.9188789129257202,bc,2
C,1,True,0.24709126499060186,0.9163340060483842,bc,2
C,2,True,0.23715964644881232,0.9202550415481839,bc,2
C,3,True,0.24649648636113852,0.9224027764229548,bc,2
C,4,True,0.27608904417138547,0.912723835735094,bc,2
C,5,True,0.29885991303516285,0.911205842381432,bc,2
C,6,True,0.2936381949666178,0.9112667703912372,bc,2
C,7,True,0.25083349150927026,0.9207970507088161,bc,2
C,8,True,0.2531389463138545,0.9181371544088636,bc,2
C,9,True,0.23666065301291556,0.9249528575511206,bc,2
C,10,True,0.23668859932859915,0.9191266745328903,bc,2
D,0,True,1.018302470445633,0.7313187420368195,bc,2
D,1,True,0.7946889102458954,0.8090123236179352,bc,2
D,2,True,0.7833273112773895,0.8135567903518677,bc,2
D,3,True,1.052373230457306,0.6912890076637268,bc,2
D,4,True,1.3740350604057312,0.5572119653224945,bc,2
D,5,True,1.2334181368350983,0.6209521293640137,bc,2
D,6,True,1.1228402256965637,0.6616058051586151,bc,2
D,7,True,1.1741311848163605,0.6480317711830139,bc,2
D,8,True,1.0934224128723145,0.6657455563545227,bc,2
D,9,True,1.1725907623767853,0.6580686271190643,bc,2
D,10,True,0.7121815383434296,0.8360506594181061,bc,2
A,0,True,0.04864733371848486,0.988286833718138,bc,3
A,1,True,0.05071434486253222,0.9874205465586681,bc,3
A,2,True,0.04773507453720876,0.9885921140886703,bc,3
A,3,True,0.03976443407174094,0.9915276338469308,bc,3
A,4,True,0.04060189771017868,0.9908083069999263,bc,3
A,5,True,0.044326418389144515,0.9897543810448557,bc,3
A,6,True,0.03954057000305082,0.9913111610232659,bc,3
A,7,True,0.044881918353362464,0.989950956038709,bc,3
A,8,True,0.04523909816525015,0.9894639973370534,bc,3
A,9,True,0.03949942542371815,0.991371789068546,bc,3
A,10,True,0.048285707897278214,0.9886669696501966,bc,3
B,0,True,0.44480782446529094,0.8784512269000212,bc,3
B,1,True,0.4449895721433374,0.8820065384109815,bc,3
B,2,True,0.44982328719925135,0.8775483705103397,bc,3
B,3,True,0.40969301644751493,0.8856757034858068,bc,3
B,4,True,0.41703067609341815,0.887930671374003,bc,3
B,5,True,0.4397774924388311,0.8782475677629312,bc,3
B,6,True,0.4064551470607209,0.8897711796065172,bc,3
B,7,True,0.40262023075289716,0.889536968121926,bc,3
B,8,True,0.3891168388557465,0.8960218280553818,bc,3
B,9,True,0.4178150246928756,0.8851887745161852,bc,3
B,10,True,0.4377889872024146,0.8782060816884041,bc,3
C,0,True,0.22380664235623998,0.9273015565815426,bc,3
C,1,True,0.2312402535850803,0.9260122726360956,bc,3
C,2,True,0.23555212606498527,0.9226030572539284,bc,3
C,3,True,0.2172250334239964,0.9272914585613069,bc,3
C,4,True,0.2198386173196403,0.92616967856884,bc,3
C,5,True,0.22166245199540363,0.9256396705196017,bc,3
C,6,True,0.2174478835991717,0.9281212595247087,bc,3
C,7,True,0.2246302472111503,0.930045078198115,bc,3
C,8,True,0.22288658492644095,0.9279740587586448,bc,3
C,9,True,0.21838865908128874,0.9306314452773049,bc,3
C,10,True,0.21788698901599718,0.9309039144288926,bc,3
D,0,True,0.7853345572948456,0.8137016892433167,bc,3
D,1,True,0.8459199368953705,0.7908671200275421,bc,3
D,2,True,0.7428238093852997,0.8259665369987488,bc,3
D,3,True,0.5726980268955231,0.8478034734725952,bc,3
D,4,True,0.7146702110767365,0.820385217666626,bc,3
D,5,True,0.7355753183364868,0.8258033096790314,bc,3
D,6,True,0.6529482007026672,0.8278057873249054,bc,3
D,7,True,0.7084254920482635,0.7828444838523865,bc,3
D,8,True,0.6259277164936066,0.8108516931533813,bc,3
D,9,True,0.8540956676006317,0.7449328303337097,bc,3
D,10,True,0.597912386059761,0.8712338507175446,bc,3
A,0,True,0.045167119468492015,0.9902487228501518,bc,4
A,1,True,0.044543660961350706,0.9904261793730393,bc,4
A,2,True,0.03921800445246879,0.991839052371259,bc,4
A,3,True,0.04138539101981189,0.9913908029502293,bc,4
A,4,True,0.03812301429076437,0.9922260180959162,bc,4
A,5,True,0.03732646088432169,0.992486520758215,bc,4
A,6,True,0.042268808445682364,0.9914465760285,bc,4
A,7,True,0.037450073218799,0.9924318104420068,bc,4
A,8,True,0.03779021310312498,0.9922050631271219,bc,4
A,9,True,0.03710613588205064,0.9925241818967855,bc,4
A,10,True,0.04755120489302636,0.9897868599531785,bc,4
B,0,True,0.42024219349453534,0.8819668839375178,bc,4
B,1,True,0.42667872705108795,0.884585727006197,bc,4
B,2,True,0.41654269218755263,0.881779699275891,bc,4
B,3,True,0.42961628979537636,0.8780618943274021,bc,4
B,4,True,0.4242318955754551,0.8753743693232536,bc,4
B,5,True,0.4144664321599218,0.8713433134059111,bc,4
B,6,True,0.44491922416879487,0.8678168654441833,bc,4
B,7,True,0.4109056193653184,0.8769997209310532,bc,4
B,8,True,0.41675634698670666,0.8713701094190279,bc,4
B,9,True,0.41533067577014054,0.8764532332619032,bc,4
B,10,True,0.4193788545283799,0.8847752871612707,bc,4
C,0,True,0.2365097462177454,0.9211010521366483,bc,4
C,1,True,0.2221210779112187,0.9291949981734866,bc,4
C,2,True,0.22953076781483278,0.9272173969518571,bc,4
C,3,True,0.22156605241443253,0.9314705176012856,bc,4
C,4,True,0.22582086181223748,0.9320469044503712,bc,4
C,5,True,0.22135473986244983,0.9347971975803375,bc,4
C,6,True,0.22343134463188194,0.9318259471938724,bc,4
C,7,True,0.21934035073389255,0.936370944692975,bc,4
C,8,True,0.23245795877162545,0.9301578672159285,bc,4
C,9,True,0.21563364868052304,0.9384729053292956,bc,4
C,10,True,0.22010257618413084,0.9274370805138633,bc,4
D,0,True,1.3056844174861908,0.6870276927947998,bc,4
D,1,True,1.1065575182437897,0.7319174706935883,bc,4
D,2,True,1.4343992471694946,0.6400697380304337,bc,4
D,3,True,1.282343327999115,0.6639730036258698,bc,4
D,4,True,1.3812568187713623,0.6372094750404358,bc,4
D,5,True,1.5628993809223175,0.5461563915014267,bc,4
D,6,True,1.392151266336441,0.6007206439971924,bc,4
D,7,True,1.5927530825138092,0.5399374663829803,bc,4
D,8,True,1.556276649236679,0.586346447467804,bc,4
D,9,True,1.5134768784046173,0.5896010249853134,bc,4
D,10,True,1.0790201723575592,0.7479652166366577,bc,4
A,0,True,0.04637365021752538,0.9887854218515766,empirical,0
A,1,True,0.04384653808823122,0.987459287447498,empirical,0
A,2,True,0.040049510806524614,0.9900986626736817,empirical,0
A,3,True,0.04170472302665678,0.9884487486802812,empirical,0
A,4,True,0.033196483549772796,0.9874825463753928,empirical,0
A,5,True,0.04576345651455939,0.9826516190324783,empirical,0
A,6,True,0.023000771440924224,0.9936620505164854,empirical,0
A,7,True,0.024813128278254395,0.993633913174559,empirical,0
A,8,True,0.030099238486099023,0.9920480422425414,empirical,0
A,9,True,0.029404621613558064,0.9926068013653595,empirical,0
A,10,True,0.04625443040937816,0.9890824942980896,empirical,0
B,0,True,0.39703697460973864,0.8845080451921778,empirical,0
B,1,True,0.3405228766612747,0.8892009102726258,empirical,0
B,2,True,0.3919989339827548,0.8655538795007995,empirical,0
B,3,True,0.4419064646399659,0.8356060859561922,empirical,0
B,4,True,0.4238344345176743,0.8611685357566157,empirical,0
B,5,True,0.3640802468312825,0.8646184382568608,empirical,0
B,6,True,0.330806711462605,0.8915515087182682,empirical,0
B,7,True,0.27099904523497514,0.9121771142050005,empirical,0
B,8,True,0.33138458282703037,0.9067189842940954,empirical,0
B,9,True,0.3913504299074037,0.8773944804537646,empirical,0
B,10,True,0.4142469012034838,0.8771631973988346,empirical,0
C,0,True,0.23100410762224352,0.9168369662532099,empirical,0
C,1,True,0.24334654124214483,0.910731678234279,empirical,0
C,2,True,0.2312643995431016,0.904428388633948,empirical,0
C,3,True,0.2501540734377089,0.9157929169277187,empirical,0
C,4,True,0.30120120350151897,0.8856014743966574,empirical,0
C,5,True,0.2682784652516322,0.9002612614997352,empirical,0
C,6,True,0.24148976174737688,0.921261606819084,empirical,0
C,7,True,0.2191919720029442,0.926009266210597,empirical,0
C,8,True,0.21543645786526153,0.9253855676458907,empirical,0
C,9,True,0.20581672990438982,0.930643311020174,empirical,0
C,10,True,0.22421602139879607,0.92239244911356,empirical,0
D,0,True,1.1225697617663135,0.6261631308279796,empirical,0
D,1,True,0.6606630025570119,0.7399060634640136,empirical,0
D,2,True,1.060197483702828,0.606433607280524,empirical,0
D,3,True,0.656304723328788,0.7397438885974077,empirical,0
D,4,True,1.3203249069065124,0.5612273764131819,empirical,0
D,5,True,1.180160184887507,0.6116793409320287,empirical,0
D,6,True,1.223170300871168,0.5746655280564973,empirical,0
D,7,True,0.7764951924966819,0.7028714716037943,empirical,0
D,8,True,0.7709930679693349,0.6676175830803528,empirical,0
D,9,True,1.121598674005837,0.5926573760975988,empirical,0
D,10,True,0.8508266007009577,0.774506567460165,empirical,0
A,0,True,0.05617822158037254,0.9801245882826032,logit,0
A,1,True,0.05367637626017622,0.9813136705812419,logit,0
A,2,True,0.05805872625590056,0.9800041261708962,logit,0
A,3,True,0.06656239774074836,0.9762265254866402,logit,0
A,4,True,0.0607258291697604,0.9785607569622543,logit,0
A,5,True,0.059136139546748345,0.9782796625821095,logit,0
A,6,True,0.05106510081738102,0.9830526799525855,logit,0
A,7,True,0.05428854652241428,0.9803884063126906,logit,0
A,8,True,0.057506176485748135,0.9780925411098408,logit,0
A,9,True,0.05619129465975555,0.9787980801654312,logit,0
A,10,True,0.05494479594260997,0.9803381652202247,logit,0
B,0,True,0.37778213419611956,0.8932867633799711,logit,0
B,1,True,0.3586820918693168,0.8994291884203752,logit,0
B,2,True,0.39085475278504117,0.8911524017651876,logit,0
B,3,True,0.4549177034253565,0.8709553653995196,logit,0
B,4,True,0.4115984368133165,0.8839634545147419,logit,0
B,5,True,0.40113609845138853,0.8845638570686182,logit,0
B,6,True,0.338659668234565,0.9072479717433453,logit,0
B,7,True,0.3635201995020907,0.896101518223683,logit,0
B,8,True,0.3887436798468116,0.8858783952891827,logit,0
B,9,True,0.3782735841474884,0.8894495579103628,logit,0
B,10,True,0.3685578218428418,0.8952205951015154,logit,0
C,0,True,0.22857860769657973,0.9255501954328447,logit,0
C,1,True,0.2182498617961149,0.9293077573889778,logit,0
C,2,True,0.23710170623824178,0.9242096330438342,logit,0
C,3,True,0.27287576342600267,0.9118856439987818,logit,0
C,4,True,0.24812860690317826,0.919838758451598,logit,0
C,5,True,0.24049672205209,0.9202041377623876,logit,0
C,6,True,0.20844539279295576,0.9340233433814276,logit,0
C,7,True,0.21966008353393546,0.9272633776778266,logit,0
C,8,True,0.23191482373277678,0.9214748463460377,logit,0
C,9,True,0.22635961585980285,0.9232816603921709,logit,0
C,10,True,0.22288072203116913,0.9267329346565973,logit,0
D,0,True,1.0819933116436005,0.629876583814621,logit,0
D,1,True,1.0644369423389435,0.6277413368225098,logit,0
D,2,True,1.13242769241333,0.61116161942482,logit,0
D,3,True,1.1969367265701294,0.6125274896621704,logit,0
D,4,True,1.1414889991283417,0.6181120276451111,logit,0
D,5,True,1.082470566034317,0.6422000527381897,logit,0
D,6,True,1.0754826068878174,0.6083326637744904,logit,0
D,7,True,1.034373790025711,0.646443635225296,logit,0
D,8,True,1.0216257274150848,0.6659818887710571,logit,0
D,9,True,1.0138195157051086,0.6647031307220459,logit,0
D,10,True,1.0535597503185272,0.6393603384494781,logit,0
A,0,True,0.0563285715348375,0.9799001115672993,logit,1
A,1,True,0.056421476635117665,0.9804319233264563,logit,1
A,2,True,0.05754053620275611,0.9792824623719701,logit,1
A,3,True,0.06627068668960831,0.9766099497957049,logit,1
A,4,True,0.05657388610958357,0.9789229575193154,logit,1
A,5,True,0.05967054444786385,0.9774356405690031,logit,1
A,6,True,0.050114146886321494,0.9827094977756716,logit,1
A,7,True,0.05358464437580002,0.980346900112224,logit,1
A,8,True,0.05803328157351231,0.9777723809458175,logit,1
A,9,True,0.057046282024563175,0.9780884969909236,logit,1
A,10,True,0.05486519755147626,0.9804681696981754,logit,1
B,0,True,0.3790822522860253,0.8924480266869068,logit,1
B,1,True,0.37908719932844787,0.89401767278711,logit,1
B,2,True,0.38847378125501564,0.8893112589915594,logit,1
B,3,True,0.4518120490538422,0.8725987660388151,logit,1
B,4,True,0.38135885057999985,0.8893261291086674,logit,1
B,5,True,0.4058771193546515,0.8814194090664387,logit,1
B,6,True,0.33176717985164333,0.9072291391591231,logit,1
B,7,True,0.35789480505385046,0.8968329156438509,logit,1
B,8,True,0.39296184386330424,0.8843347951769829,logit,1
B,9,True,0.3849963165775989,0.8864487869044145,logit,1
B,10,True,0.36790924703139655,0.8956856268147627,logit,1
C,0,True,0.2289992381341844,0.9250375891015643,logit,1
C,1,True,0.23006860320345454,0.9259806885605767,logit,1
C,2,True,0.234031506540348,0.9231172218209222,logit,1
C,3,True,0.2715676789050035,0.9128737556082862,logit,1
C,4,True,0.2286194322043143,0.9230755489496958,logit,1
C,5,True,0.2419982592629302,0.9187749184313274,logit,1
C,6,True,0.20324621940138363,0.934097829319182,logit,1
C,7,True,0.21590356682870715,0.927683256211735,logit,1
C,8,True,0.23408915615817977,0.9207206347158977,logit,1
C,9,True,0.22944834153722263,0.9219857454299927,logit,1
C,10,True,0.2227035679742195,0.9270194811480386,logit,1
D,0,True,1.0752907693386078,0.6340838968753815,logit,1
D,1,True,1.1049533784389496,0.6186324059963226,logit,1
D,2,True,1.0821511447429657,0.6357493102550507,logit,1
D,3,True,1.2045308649539948,0.6073282659053802,logit,1
D,4,True,1.0331212878227234,0.6566776633262634,logit,1
D,5,True,1.0588955879211426,0.6560297608375549,logit,1
D,6,True,1.0226143598556519,0.6330881416797638,logit,1
D,7,True,1.0077560544013977,0.6570342183113098,logit,1
D,8,True,1.022976279258728,0.6673199534416199,logit,1
D,9,True,1.0060318112373352,0.6717788875102997,logit,1
D,10,True,1.0578671097755432,0.6367441713809967,logit,1
A,0,True,0.05587729491155599,0.9802189064475725,logit,2
A,1,True,0.05665785100509826,0.9807994264476704,logit,2
A,2,True,0.058758669698123274,0.9790369497155244,logit,2
A,3,True,0.06513172097834714,0.9773494590003535,logit,2
A,4,True,0.05403008121068541,0.9804992462104222,logit,2
A,5,True,0.05850653686962378,0.9779891945281118,logit,2
A,6,True,0.04712942889798213,0.9841844417014212,logit,2
A,7,True,0.05549294410408244,0.9782624300920738,logit,2
A,8,True,0.057677912444767505,0.9774709546341086,logit,2
A,9,True,0.05609194041457124,0.9784077956991376,logit,2
A,10,True,0.05384416909262929,0.9807771298120607,logit,2
B,0,True,0.3755216219554616,0.8938804964224497,logit,2
B,1,True,0.3799542779064116,0.8950224556028843,logit,2
B,2,True,0.39742468556020566,0.8873301756878694,logit,2
B,3,True,0.44242515039028757,0.8761833409468333,logit,2
B,4,True,0.36151826812177507,0.8967084946731726,logit,2
B,5,True,0.39664348721998977,0.8843860439956188,logit,2
B,6,True,0.3095938376415385,0.9145076684653759,logit,2
B,7,True,0.3719182222157542,0.8890032892425855,logit,2
B,8,True,0.3899672267846957,0.8839691430330276,logit,2
B,9,True,0.37722633627587737,0.888544083883365,logit,2
B,10,True,0.36010045120565337,0.8976967521011829,logit,2
C,0,True,0.22726151704583095,0.925914086046673,logit,2
C,1,True,0.23141133991677115,0.9265504309109279,logit,2
C,2,True,0.23953238205909397,0.9219067139284951,logit,2
C,3,True,0.26669006351758506,0.9150423173393522,logit,2
C,4,True,0.2185553649317063,0.9276353943915594,logit,2
C,5,True,0.23693536851455324,0.9203391188666934,logit,2
C,6,True,0.19156994556847384,0.9385504793553126,logit,2
C,7,True,0.2212592074737629,0.9238777721212024,logit,2
C,8,True,0.2315634225475757,0.9209503758521307,logit,2
C,9,True,0.2249602271455972,0.9232267368407476,logit,2
C,10,True,0.2181502107199603,0.9282495634896415,logit,2
D,0,True,1.0773581266403198,0.6309868097305298,logit,2
D,1,True,1.130054086446762,0.6058417856693268,logit,2
D,2,True,1.1070716381072998,0.6279307305812836,logit,2
D,3,True,1.205486238002777,0.6021447479724884,logit,2
D,4,True,1.031667023897171,0.6467082798480988,logit,2
D,5,True,1.0489395260810852,0.6564655005931854,logit,2
D,6,True,1.0063426792621613,0.6264424920082092,logit,2
D,7,True,0.9609468281269073,0.6874903440475464,logit,2
D,8,True,0.9960400462150574,0.678871363401413,logit,2
D,9,True,0.9898927509784698,0.6759401857852936,logit,2
D,10,True,1.040650337934494,0.6411980390548706,logit,2
A,0,True,0.05698984410223345,0.980043573199578,logit,3
A,1,True,0.05508122083737585,0.9819471869828567,logit,3
A,2,True,0.059098433805184813,0.9795465761760496,logit,3
A,3,True,0.0660136424599189,0.977154071600932,logit,3
A,4,True,0.06283999171782338,0.9777902432207791,logit,3
A,5,True,0.06142795695975436,0.9776391791847517,logit,3
A,6,True,0.05468288503800308,0.9818896595037209,logit,3
A,7,True,0.056067221568878695,0.9794433488036102,logit,3
A,8,True,0.05821130445083155,0.9788532313310875,logit,3
A,9,True,0.056264412148283434,0.9792623205004998,logit,3
A,10,True,0.056544392712755825,0.9805638587699747,logit,3
B,0,True,0.3836030071324785,0.8922409005463123,logit,3
B,1,True,0.3671075931803595,0.9002261869609356,logit,3
B,2,True,0.3986700874714491,0.8887176737189293,logit,3
B,3,True,0.4482304110230568,0.8748399540781975,logit,3
B,4,True,0.42714796691871015,0.8795177874465784,logit,3
B,5,True,0.4182774339909277,0.8802350834012032,logit,3
B,6,True,0.3647478322139553,0.9003387230137984,logit,3
B,7,True,0.3773567077247814,0.8913902007043362,logit,3
B,8,True,0.39378841949413373,0.8872975098590056,logit,3
B,9,True,0.3789126872943598,0.8906475914021333,logit,3
B,10,True,0.379692136014152,0.8943349570035934,logit,3
C,0,True,0.23230367766726495,0.9249024206683749,logit,3
C,1,True,0.22517643438602267,0.9296402136484782,logit,3
C,2,True,0.24142985197942748,0.9227243449006762,logit,3
C,3,True,0.2702953313197386,0.9142054035550072,logit,3
C,4,True,0.25710654862701804,0.917116845647494,logit,3
C,5,True,0.25073874211964375,0.917570989046778,logit,3
C,6,True,0.22346350027198372,0.9297511747905186,logit,3
C,7,True,0.22697062444751195,0.9243664471876054,logit,3
C,8,True,0.2367261978534294,0.9218821163688388,logit,3
C,9,True,0.2276516053125739,0.9239042124577931,logit,3
C,10,True,0.23074489323646827,0.926160481714067,logit,3
D,0,True,1.102878212928772,0.62236687541008,logit,3
D,1,True,1.1406221985816956,0.5917484760284424,logit,3
D,2,True,1.1406386196613312,0.6114079654216766,logit,3
D,3,True,1.219171404838562,0.5983043909072876,logit,3
D,4,True,1.1652853786945343,0.6143237352371216,logit,3
D,5,True,1.1202515959739685,0.63213250041008,logit,3
D,6,True,1.1260915398597717,0.5981804728507996,logit,3
D,7,True,1.043363481760025,0.6494486331939697,logit,3
D,8,True,1.081790179014206,0.6387607455253601,logit,3
D,9,True,1.0404507219791412,0.6517417728900909,logit,3
D,10,True,1.1151825785636902,0.6135944426059723,logit,3
A,0,True,0.056313850985014076,0.9797882606398385,logit,4
A,1,True,0.057179640183024294,0.9804651208643643,logit,4
A,2,True,0.057455517305637804,0.9796589365545308,logit,4
A,3,True,0.06575904156324093,0.9766187218000304,logit,4
A,4,True,0.056587707792476856,0.9803347238954508,logit,4
A,5,True,0.059965134148166364,0.9793131508917179,logit,4
A,6,True,0.055020690081808016,0.9811915833995027,logit,4
A,7,True,0.054754706849053036,0.9798509006230336,logit,4
A,8,True,0.05763272801462181,0.9780559562287241,logit,4
A,9,True,0.056205738257940195,0.9786220102939965,logit,4
A,10,True,0.055246568993167766,0.9803734151822217,logit,4
B,0,True,0.3790637317554986,0.8921264186501503,logit,4
B,1,True,0.38409273366172175,0.8934550024569035,logit,4
B,2,True,0.3874066470404311,0.8905712415774664,logit,4
B,3,True,0.44875334504952963,0.8730066219965616,logit,4
B,4,True,0.38038091943599284,0.8935510776937008,logit,4
B,5,True,0.40479778213921236,0.8871981985867023,logit,4
B,6,True,0.36831834456825163,0.8977452876667181,logit,4
B,7,True,0.3670740039330364,0.8940724010268847,logit,4
B,8,True,0.38975750576840557,0.8856203456719717,logit,4
B,9,True,0.378313813751447,0.8889584752420584,logit,4
B,10,True,0.3707929881081024,0.8949997487167517,logit,4
C,0,True,0.22876706986737969,0.9248391900743756,logit,4
C,1,True,0.23350182066358338,0.9256068326178051,logit,4
C,2,True,0.23407229942954255,0.9238874458131336,logit,4
C,3,True,0.26945955100624513,0.91313603023688,logit,4
C,4,True,0.2307372338670705,0.9256971591994876,logit,4
C,5,True,0.24509826991734804,0.9217853574525743,logit,4
C,6,True,0.22441139733806872,0.9282456537087759,logit,4
C,7,True,0.22098225660877124,0.9259934354396093,logit,4
C,8,True,0.23251314969093073,0.9213161731050128,logit,4
C,9,True,0.22606075803785297,0.9231883457728794,logit,4
C,10,True,0.22442716354548575,0.9265998616105035,logit,4
D,0,True,1.0691213011741638,0.6372479796409607,logit,4
D,1,True,1.1290434002876282,0.6089151203632355,logit,4
D,2,True,1.0980529189109802,0.6270298957824707,logit,4
D,3,True,1.192356675863266,0.6117860972881317,logit,4
D,4,True,1.1051430404186249,0.6192998290061951,logit,4
D,5,True,1.1540962755680084,0.6079288125038147,logit,4
D,6,True,1.1006783246994019,0.6143246293067932,logit,4
D,7,True,1.0209863781929016,0.6552900671958923,logit,4
D,8,True,1.0239653289318085,0.6653273701667786,logit,4
D,9,True,1.0050856471061707,0.6690295040607452,logit,4
D,10,True,1.0652495622634888,0.6345634758472443,logit,4
