phase,horizon_min,ref,cand,n,n_days,MAE_ref,MAE_cand,dMAE [95% CI],seed SD,dMAE_pct,p_DM (Holm),p_boot (Holm)
pre_landfall,15,2020_only/lstm/airl,finetune/lstm/airl,2107,8,13.067088,11.003385,"+2.06 [+0.84, +3.48]",0.57,15.793142,0.000***,0.000***
pre_landfall,15,2020_only/lstm/none,finetune/lstm/none,2107,8,13.684192,11.593964,"+2.09 [+0.66, +3.96]",0.52,15.274766,0.000***,0.000***
pre_landfall,15,2020_only/lstm/airl,pooled/lstm/airl,2107,8,13.067088,11.998924,"+1.07 [-0.25, +2.44]",0.95,8.174466,0.000***,0.861
pre_landfall,15,2020_only/lstm/none,pooled/lstm/none,2107,8,13.684192,13.19482,"+0.49 [-0.93, +1.84]",0.38,3.5761814,0.169,1.000
pre_landfall,15,2020_only/lstm/airl,pretrain_only/lstm/airl,2107,8,13.067088,8.58708,"+4.48 [+1.24, +7.76]",0.5,34.28467,0.000***,0.045*
pre_landfall,15,2020_only/lstm/none,pretrain_only/lstm/none,2107,8,13.684192,8.8039665,"+4.88 [+1.27, +8.69]",0.67,35.663227,0.000***,0.066
pre_landfall,30,2020_only/lstm/airl,finetune/lstm/airl,2107,8,13.124363,11.225628,"+1.90 [+0.71, +3.46]",0.49,14.467255,0.000***,0.000***
pre_landfall,30,2020_only/lstm/none,finetune/lstm/none,2107,8,13.807725,11.74445,"+2.06 [+0.63, +3.98]",0.38,14.942913,0.000***,0.000***
pre_landfall,30,2020_only/lstm/airl,pooled/lstm/airl,2107,8,13.124363,12.116667,"+1.01 [-0.13, +2.16]",0.9,7.6780586,0.000***,0.744
pre_landfall,30,2020_only/lstm/none,pooled/lstm/none,2107,8,13.807725,13.455454,"+0.35 [-1.01, +1.69]",0.42,2.5512683,0.461,1.000
pre_landfall,30,2020_only/lstm/airl,pretrain_only/lstm/airl,2107,8,13.124363,8.655009,"+4.47 [+1.02, +8.01]",0.53,34.053864,0.000***,0.000***
pre_landfall,30,2020_only/lstm/none,pretrain_only/lstm/none,2107,8,13.807725,8.806482,"+5.00 [+1.38, +8.77]",0.61,36.22062,0.000***,0.070
pre_landfall,60,2020_only/lstm/airl,finetune/lstm/airl,2107,8,13.235408,11.434884,"+1.80 [+0.70, +3.19]",0.21,13.603846,0.000***,0.000***
pre_landfall,60,2020_only/lstm/none,finetune/lstm/none,2107,8,13.854275,11.886541,"+1.97 [+0.62, +3.78]",0.41,14.203073,0.000***,0.000***
pre_landfall,60,2020_only/lstm/airl,pooled/lstm/airl,2107,8,13.235408,12.580947,"+0.65 [-0.47, +1.79]",0.86,4.9447765,0.008**,1.000
pre_landfall,60,2020_only/lstm/none,pooled/lstm/none,2107,8,13.854275,13.902236,"-0.05 [-1.51, +1.21]",0.53,-0.3461965,1.000,1.000
pre_landfall,60,2020_only/lstm/airl,pretrain_only/lstm/airl,2107,8,13.235408,8.754329,"+4.48 [+1.11, +7.89]",0.36,33.856754,0.000***,0.045*
pre_landfall,60,2020_only/lstm/none,pretrain_only/lstm/none,2107,8,13.854275,8.9781475,"+4.88 [+1.15, +8.62]",0.33,35.195827,0.000***,0.052
pre_landfall,90,2020_only/lstm/airl,finetune/lstm/airl,2107,8,13.245626,11.539163,"+1.71 [+0.63, +3.07]",0.26,12.883228,0.000***,0.000***
pre_landfall,90,2020_only/lstm/none,finetune/lstm/none,2107,8,13.803134,11.936124,"+1.87 [+0.48, +3.72]",0.24,13.525987,0.000***,0.000***
pre_landfall,90,2020_only/lstm/airl,pooled/lstm/airl,2107,8,13.245626,12.683849,"+0.56 [-0.46, +1.63]",0.97,4.2412257,0.025*,1.000
pre_landfall,90,2020_only/lstm/none,pooled/lstm/none,2107,8,13.803134,13.861321,"-0.06 [-1.62, +1.31]",0.3,-0.42156577,1.000,1.000
pre_landfall,90,2020_only/lstm/airl,pretrain_only/lstm/airl,2107,8,13.245626,8.796467,"+4.45 [+1.07, +8.02]",0.39,33.58965,0.000***,0.052
pre_landfall,90,2020_only/lstm/none,pretrain_only/lstm/none,2107,8,13.803134,8.965995,"+4.84 [+0.97, +8.53]",0.39,35.043766,0.000***,0.126
landfall,15,2020_only/lstm/airl,finetune/lstm/airl,560,4,12.208355,9.907871,"+2.30 [+1.07, +4.01]",0.28,18.84352,0.000***,0.000***
landfall,15,2020_only/lstm/none,finetune/lstm/none,560,4,12.999237,10.164452,"+2.83 [+1.32, +4.01]",0.61,21.807331,0.000***,0.000***
landfall,15,2020_only/lstm/airl,pooled/lstm/airl,560,4,12.208355,10.205813,"+2.00 [+0.93, +3.47]",0.5,16.40304,0.000***,0.000***
landfall,15,2020_only/lstm/none,pooled/lstm/none,560,4,12.999237,10.772442,"+2.23 [-1.11, +3.34]",0.57,17.130203,0.000***,0.380
landfall,15,2020_only/lstm/airl,pretrain_only/lstm/airl,560,4,12.208355,9.727479,"+2.48 [+1.10, +4.30]",0.42,20.321133,0.000***,0.000***
landfall,15,2020_only/lstm/none,pretrain_only/lstm/none,560,4,12.999237,9.875246,"+3.12 [+1.94, +4.40]",0.71,24.032116,0.000***,0.000***
landfall,30,2020_only/lstm/airl,finetune/lstm/airl,560,4,12.703485,10.33168,"+2.37 [+1.30, +3.92]",0.34,18.670502,0.000***,0.000***
landfall,30,2020_only/lstm/none,finetune/lstm/none,560,4,13.18961,10.61464,"+2.57 [+1.24, +3.60]",0.52,19.522703,0.000***,0.000***
landfall,30,2020_only/lstm/airl,pooled/lstm/airl,560,4,12.703485,10.476395,"+2.23 [+0.87, +3.73]",0.27,17.531326,0.000***,0.000***
landfall,30,2020_only/lstm/none,pooled/lstm/none,560,4,13.18961,11.2120285,"+1.98 [-0.88, +2.75]",0.72,14.993479,0.000***,0.360
landfall,30,2020_only/lstm/airl,pretrain_only/lstm/airl,560,4,12.703485,10.079005,"+2.62 [+1.38, +4.30]",0.33,20.659513,0.000***,0.000***
landfall,30,2020_only/lstm/none,pretrain_only/lstm/none,560,4,13.18961,10.439144,"+2.75 [+1.11, +3.75]",0.71,20.853271,0.000***,0.000***
landfall,60,2020_only/lstm/airl,finetune/lstm/airl,560,4,13.072024,10.844902,"+2.23 [+1.26, +3.57]",0.65,17.037315,0.000***,0.000***
landfall,60,2020_only/lstm/none,finetune/lstm/none,560,4,13.742348,11.3083725,"+2.43 [+1.16, +2.83]",0.46,17.711494,0.000***,0.000***
landfall,60,2020_only/lstm/airl,pooled/lstm/airl,560,4,13.072024,11.311833,"+1.76 [-0.23, +3.03]",0.85,13.465318,0.000***,0.380
landfall,60,2020_only/lstm/none,pooled/lstm/none,560,4,13.742348,11.434406,"+2.31 [-0.78, +3.21]",0.82,16.794378,0.000***,0.380
landfall,60,2020_only/lstm/airl,pretrain_only/lstm/airl,560,4,13.072024,10.404672,"+2.67 [+1.36, +4.21]",0.57,20.405045,0.000***,0.000***
landfall,60,2020_only/lstm/none,pretrain_only/lstm/none,560,4,13.742348,11.090083,"+2.65 [+1.45, +3.01]",0.78,19.299942,0.000***,0.000***
landfall,90,2020_only/lstm/airl,finetune/lstm/airl,560,4,13.555281,10.953708,"+2.60 [+1.44, +3.81]",0.54,19.192314,0.000***,0.000***
landfall,90,2020_only/lstm/none,finetune/lstm/none,560,4,14.161216,11.534919,"+2.63 [+0.95, +3.23]",0.37,18.545698,0.000***,0.000***
landfall,90,2020_only/lstm/airl,pooled/lstm/airl,560,4,13.555281,11.346576,"+2.21 [-0.19, +3.58]",0.75,16.294048,0.000***,0.380
landfall,90,2020_only/lstm/none,pooled/lstm/none,560,4,14.161216,11.949223,"+2.21 [-0.51, +2.83]",0.71,15.62009,0.000***,0.380
landfall,90,2020_only/lstm/airl,pretrain_only/lstm/airl,560,4,13.555281,10.431683,"+3.12 [+1.77, +4.78]",0.6,23.043394,0.000***,0.000***
landfall,90,2020_only/lstm/none,pretrain_only/lstm/none,560,4,14.161216,11.284058,"+2.88 [+1.44, +3.53]",0.48,20.317171,0.000***,0.000***
recovery,15,2020_only/lstm/airl,finetune/lstm/airl,2553,9,8.340341,7.9019423,"+0.44 [+0.26, +0.61]",0.16,5.2563667,0.000***,0.000***
recovery,15,2020_only/lstm/none,finetune/lstm/none,2553,9,8.497907,8.105992,"+0.39 [+0.12, +0.67]",0.34,4.611894,0.000***,0.003**
recovery,15,2020_only/lstm/airl,pooled/lstm/airl,2553,9,8.340341,7.815419,"+0.52 [+0.32, +0.67]",0.2,6.293766,0.000***,0.000***
recovery,15,2020_only/lstm/none,pooled/lstm/none,2553,9,8.497907,7.819962,"+0.68 [+0.44, +0.93]",0.2,7.9777803,0.000***,0.000***
recovery,15,2020_only/lstm/airl,pretrain_only/lstm/airl,2553,9,8.340341,7.824705,"+0.52 [+0.36, +0.65]",0.16,6.182426,0.000***,0.000***
recovery,15,2020_only/lstm/none,pretrain_only/lstm/none,2553,9,8.497907,7.9230485,"+0.57 [+0.33, +0.84]",0.28,6.7647014,0.000***,0.000***
recovery,30,2020_only/lstm/airl,finetune/lstm/airl,2553,9,8.525729,8.075021,"+0.45 [+0.24, +0.70]",0.14,5.2864447,0.000***,0.000***
recovery,30,2020_only/lstm/none,finetune/lstm/none,2553,9,8.621343,8.235114,"+0.39 [+0.13, +0.63]",0.33,4.4799156,0.000***,0.003**
recovery,30,2020_only/lstm/airl,pooled/lstm/airl,2553,9,8.525729,7.975078,"+0.55 [+0.34, +0.73]",0.23,6.458692,0.000***,0.000***
recovery,30,2020_only/lstm/none,pooled/lstm/none,2553,9,8.621343,8.01467,"+0.61 [+0.39, +0.83]",0.24,7.0368724,0.000***,0.000***
recovery,30,2020_only/lstm/airl,pretrain_only/lstm/airl,2553,9,8.525729,7.969221,"+0.56 [+0.39, +0.72]",0.23,6.527393,0.000***,0.000***
recovery,30,2020_only/lstm/none,pretrain_only/lstm/none,2553,9,8.621343,8.128931,"+0.49 [+0.26, +0.75]",0.38,5.7115393,0.000***,0.000***
recovery,60,2020_only/lstm/airl,finetune/lstm/airl,2553,9,8.689416,8.163149,"+0.53 [+0.29, +0.86]",0.11,6.0564055,0.000***,0.000***
recovery,60,2020_only/lstm/none,finetune/lstm/none,2553,9,8.901937,8.251946,"+0.65 [+0.31, +1.04]",0.29,7.301677,0.000***,0.000***
recovery,60,2020_only/lstm/airl,pooled/lstm/airl,2553,9,8.689416,8.063051,"+0.63 [+0.44, +0.90]",0.14,7.208358,0.000***,0.000***
recovery,60,2020_only/lstm/none,pooled/lstm/none,2553,9,8.901937,8.146361,"+0.76 [+0.43, +1.24]",0.24,8.487767,0.000***,0.000***
recovery,60,2020_only/lstm/airl,pretrain_only/lstm/airl,2553,9,8.689416,8.097107,"+0.59 [+0.38, +0.84]",0.14,6.816438,0.000***,0.000***
recovery,60,2020_only/lstm/none,pretrain_only/lstm/none,2553,9,8.901937,8.147004,"+0.75 [+0.42, +1.17]",0.21,8.480541,0.000***,0.000***
recovery,90,2020_only/lstm/airl,finetune/lstm/airl,2553,9,8.954167,8.280361,"+0.67 [+0.41, +1.12]",0.16,7.525054,0.000***,0.000***
recovery,90,2020_only/lstm/none,finetune/lstm/none,2553,9,9.102604,8.38054,"+0.72 [+0.28, +1.18]",0.26,7.9324875,0.000***,0.003**
recovery,90,2020_only/lstm/airl,pooled/lstm/airl,2553,9,8.954167,8.192725,"+0.76 [+0.49, +1.17]",0.19,8.503759,0.000***,0.000***
recovery,90,2020_only/lstm/none,pooled/lstm/none,2553,9,9.102604,8.243612,"+0.86 [+0.49, +1.35]",0.14,9.436761,0.000***,0.000***
recovery,90,2020_only/lstm/airl,pretrain_only/lstm/airl,2553,9,8.954167,8.254853,"+0.70 [+0.43, +1.11]",0.11,7.8099136,0.000***,0.000***
recovery,90,2020_only/lstm/none,pretrain_only/lstm/none,2553,9,9.102604,8.326292,"+0.78 [+0.33, +1.27]",0.28,8.528452,0.000***,0.000***
acute,15,2020_only/lstm/airl,finetune/lstm/airl,2667,11,12.886776,10.773355,"+2.11 [+1.13, +3.34]",0.43,16.399921,0.000***,0.000***
acute,15,2020_only/lstm/none,finetune/lstm/none,2667,11,13.54037,11.293803,"+2.25 [+1.04, +3.76]",0.52,16.591614,0.000***,0.000***
acute,15,2020_only/lstm/airl,pooled/lstm/airl,2667,11,12.886776,11.622417,"+1.26 [+0.15, +2.40]",0.7,9.811292,0.000***,0.175
acute,15,2020_only/lstm/none,pooled/lstm/none,2667,11,13.54037,12.686185,"+0.85 [-0.43, +2.10]",0.41,6.3084316,0.002**,0.760
acute,15,2020_only/lstm/airl,pretrain_only/lstm/airl,2667,11,12.886776,8.826534,"+4.06 [+1.60, +6.96]",0.39,31.507051,0.000***,0.000***
acute,15,2020_only/lstm/none,pretrain_only/lstm/none,2667,11,13.54037,9.028907,"+4.51 [+1.55, +7.52]",0.56,33.3186,0.000***,0.000***
acute,30,2020_only/lstm/airl,finetune/lstm/airl,2667,11,13.03599,11.037922,"+2.00 [+0.98, +3.27]",0.39,15.327313,0.000***,0.000***
acute,30,2020_only/lstm/none,finetune/lstm/none,2667,11,13.677938,11.507219,"+2.17 [+0.96, +3.64]",0.37,15.870214,0.000***,0.000***
acute,30,2020_only/lstm/airl,pooled/lstm/airl,2667,11,13.03599,11.772253,"+1.26 [+0.27, +2.37]",0.71,9.694215,0.000***,0.128
acute,30,2020_only/lstm/none,pooled/lstm/none,2667,11,13.677938,12.984392,"+0.69 [-0.59, +1.88]",0.47,5.070533,0.008**,0.879
acute,30,2020_only/lstm/airl,pretrain_only/lstm/airl,2667,11,13.03599,8.954013,"+4.08 [+1.38, +6.96]",0.39,31.313133,0.000***,0.000***
acute,30,2020_only/lstm/none,pretrain_only/lstm/none,2667,11,13.677938,9.149298,"+4.53 [+1.61, +7.81]",0.48,33.109077,0.000***,0.000***
acute,60,2020_only/lstm/airl,finetune/lstm/airl,2667,11,13.201101,11.311003,"+1.89 [+0.97, +3.08]",0.23,14.317737,0.000***,0.000***
acute,60,2020_only/lstm/none,finetune/lstm/none,2667,11,13.830773,11.7651415,"+2.07 [+1.00, +3.53]",0.39,14.9350395,0.000***,0.000***
acute,60,2020_only/lstm/airl,pooled/lstm/airl,2667,11,13.201101,12.3144655,"+0.89 [-0.10, +1.87]",0.63,6.716373,0.000***,0.420
acute,60,2020_only/lstm/none,pooled/lstm/none,2667,11,13.830773,13.384057,"+0.45 [-0.84, +1.65]",0.57,3.229864,0.161,1.000
acute,60,2020_only/lstm/airl,pretrain_only/lstm/airl,2667,11,13.201101,9.100858,"+4.10 [+1.40, +7.06]",0.26,31.059866,0.000***,0.000***
acute,60,2020_only/lstm/none,pretrain_only/lstm/none,2667,11,13.830773,9.421599,"+4.41 [+1.40, +7.66]",0.22,31.879446,0.000***,0.000***
acute,90,2020_only/lstm/airl,finetune/lstm/airl,2667,11,13.310646,11.416232,"+1.89 [+0.96, +3.04]",0.23,14.232317,0.000***,0.000***
acute,90,2020_only/lstm/none,finetune/lstm/none,2667,11,13.878322,11.851881,"+2.03 [+0.88, +3.60]",0.24,14.601479,0.000***,0.000***
acute,90,2020_only/lstm/airl,pooled/lstm/airl,2667,11,13.310646,12.403057,"+0.91 [-0.05, +1.85]",0.75,6.818515,0.000***,0.396
acute,90,2020_only/lstm/none,pooled/lstm/none,2667,11,13.878322,13.459833,"+0.42 [-0.97, +1.65]",0.38,3.0154202,0.161,1.000
acute,90,2020_only/lstm/airl,pretrain_only/lstm/airl,2667,11,13.310646,9.139819,"+4.17 [+1.53, +7.12]",0.26,31.33451,0.000***,0.000***
acute,90,2020_only/lstm/none,pretrain_only/lstm/none,2667,11,13.878322,9.452727,"+4.43 [+1.27, +7.76]",0.27,31.888538,0.000***,0.009**
rolling_all,15,2020_only/lstm/airl,finetune/lstm/airl,5220,19,10.663203,9.369003,"+1.29 [+0.68, +2.07]",0.22,12.137072,0.000***,0.000***
rolling_all,15,2020_only/lstm/none,finetune/lstm/none,5220,19,11.0742,9.734707,"+1.34 [+0.62, +2.22]",0.38,12.095611,0.000***,0.000***
rolling_all,15,2020_only/lstm/airl,pooled/lstm/airl,5220,19,10.663203,9.7604885,"+0.90 [+0.33, +1.58]",0.32,8.465699,0.000***,0.000***
rolling_all,15,2020_only/lstm/none,pooled/lstm/none,5220,19,11.0742,10.30621,"+0.77 [+0.10, +1.45]",0.26,6.934941,0.000***,0.120
rolling_all,15,2020_only/lstm/airl,pretrain_only/lstm/airl,5220,19,10.663203,8.336558,"+2.33 [+0.87, +4.14]",0.19,21.819378,0.000***,0.000***
rolling_all,15,2020_only/lstm/none,pretrain_only/lstm/none,5220,19,11.0742,8.488053,"+2.59 [+0.93, +4.61]",0.35,23.352892,0.000***,0.000***
rolling_all,30,2020_only/lstm/airl,finetune/lstm/airl,5220,19,10.830109,9.588824,"+1.24 [+0.65, +1.99]",0.15,11.461418,0.000***,0.000***
rolling_all,30,2020_only/lstm/none,finetune/lstm/none,5220,19,11.204856,9.906897,"+1.30 [+0.63, +2.23]",0.3,11.5838995,0.000***,0.000***
rolling_all,30,2020_only/lstm/airl,pooled/lstm/airl,5220,19,10.830109,9.915129,"+0.91 [+0.40, +1.50]",0.28,8.448487,0.000***,0.000***
rolling_all,30,2020_only/lstm/none,pooled/lstm/none,5220,19,11.204856,10.553799,"+0.65 [+0.00, +1.30]",0.34,5.8104916,0.000***,0.150
rolling_all,30,2020_only/lstm/airl,pretrain_only/lstm/airl,5220,19,10.830109,8.472369,"+2.36 [+0.84, +4.17]",0.18,21.770227,0.000***,0.000***
rolling_all,30,2020_only/lstm/none,pretrain_only/lstm/none,5220,19,11.204856,8.650257,"+2.55 [+0.90, +4.47]",0.28,22.799038,0.000***,0.000***
rolling_all,60,2020_only/lstm/airl,finetune/lstm/airl,5220,19,10.994524,9.771448,"+1.22 [+0.64, +1.99]",0.12,11.124401,0.000***,0.000***
rolling_all,60,2020_only/lstm/none,finetune/lstm/none,5220,19,11.420176,10.046906,"+1.37 [+0.73, +2.22]",0.3,12.0249405,0.000***,0.000***
rolling_all,60,2020_only/lstm/airl,pooled/lstm/airl,5220,19,10.994524,10.235183,"+0.76 [+0.24, +1.32]",0.27,6.9065456,0.000***,0.015*
rolling_all,60,2020_only/lstm/none,pooled/lstm/none,5220,19,11.420176,10.822402,"+0.60 [-0.10, +1.22]",0.36,5.2343574,0.000***,0.184
rolling_all,60,2020_only/lstm/airl,pretrain_only/lstm/airl,5220,19,10.994524,8.609942,"+2.38 [+0.90, +4.15]",0.12,21.688812,0.000***,0.000***
rolling_all,60,2020_only/lstm/none,pretrain_only/lstm/none,5220,19,11.420176,8.79822,"+2.62 [+0.98, +4.63]",0.18,22.95898,0.000***,0.000***
rolling_all,90,2020_only/lstm/airl,finetune/lstm/airl,5220,19,11.179976,9.882539,"+1.30 [+0.74, +2.03]",0.17,11.605018,0.000***,0.000***
rolling_all,90,2020_only/lstm/none,finetune/lstm/none,5220,19,11.542612,10.154117,"+1.39 [+0.74, +2.26]",0.21,12.029295,0.000***,0.000***
rolling_all,90,2020_only/lstm/airl,pooled/lstm/airl,5220,19,11.179976,10.343866,"+0.84 [+0.33, +1.39]",0.35,7.4786425,0.000***,0.000***
rolling_all,90,2020_only/lstm/none,pooled/lstm/none,5220,19,11.542612,10.908681,"+0.63 [-0.13, +1.33]",0.22,5.4920864,0.000***,0.184
rolling_all,90,2020_only/lstm/airl,pretrain_only/lstm/airl,5220,19,11.179976,8.707,"+2.47 [+1.10, +4.31]",0.17,22.119698,0.000***,0.000***
rolling_all,90,2020_only/lstm/none,pretrain_only/lstm/none,5220,19,11.542612,8.901811,"+2.64 [+0.98, +4.56]",0.21,22.878714,0.000***,0.000***
late,15,2020_only/lstm/airl,finetune/lstm/airl,4983,18,8.22533,8.193364,"+0.03 [-0.01, +0.07]",0.03,0.38862443,0.890,1.000
late,15,2020_only/lstm/none,finetune/lstm/none,4983,18,8.278752,8.2188835,"+0.06 [+0.02, +0.11]",0.04,0.7231654,0.182,0.048*
late,15,2020_only/lstm/airl,pooled/lstm/airl,4983,18,8.22533,8.182662,"+0.04 [-0.01, +0.10]",0.05,0.51873356,1.000,1.000
late,15,2020_only/lstm/none,pooled/lstm/none,4983,18,8.278752,8.18054,"+0.10 [+0.03, +0.17]",0.03,1.1863257,0.091,0.017*
late,15,2020_only/lstm/airl,pretrain_only/lstm/airl,4983,18,8.22533,8.257703,"-0.03 [-0.09, +0.03]",0.12,-0.3935775,1.000,1.000
late,15,2020_only/lstm/none,pretrain_only/lstm/none,4983,18,8.278752,8.396492,"-0.12 [-0.22, -0.01]",0.09,-1.4221942,0.009**,0.350
late,30,2020_only/lstm/airl,finetune/lstm/airl,4983,18,8.345081,8.280244,"+0.06 [+0.02, +0.11]",0.08,0.77694476,0.004**,0.135
late,30,2020_only/lstm/none,finetune/lstm/none,4983,18,8.4658165,8.317855,"+0.15 [+0.10, +0.19]",0.15,1.7477615,0.000***,0.000***
late,30,2020_only/lstm/airl,pooled/lstm/airl,4983,18,8.345081,8.256119,"+0.09 [+0.03, +0.14]",0.06,1.0660429,0.025*,0.000***
late,30,2020_only/lstm/none,pooled/lstm/none,4983,18,8.4658165,8.309257,"+0.16 [+0.10, +0.21]",0.16,1.8493304,0.000***,0.000***
late,30,2020_only/lstm/airl,pretrain_only/lstm/airl,4983,18,8.345081,8.343647,"+0.00 [-0.07, +0.07]",0.16,0.017185224,1.000,1.000
late,30,2020_only/lstm/none,pretrain_only/lstm/none,4983,18,8.4658165,8.400924,"+0.06 [-0.01, +0.15]",0.19,0.7665367,1.000,1.000
late,60,2020_only/lstm/airl,finetune/lstm/airl,4983,18,8.352573,8.343148,"+0.01 [-0.03, +0.05]",0.08,0.112843215,1.000,1.000
late,60,2020_only/lstm/none,finetune/lstm/none,4983,18,8.597503,8.360335,"+0.24 [+0.18, +0.30]",0.1,2.7585654,0.000***,0.000***
late,60,2020_only/lstm/airl,pooled/lstm/airl,4983,18,8.352573,8.34151,"+0.01 [-0.05, +0.08]",0.09,0.13245982,1.000,1.000
late,60,2020_only/lstm/none,pooled/lstm/none,4983,18,8.597503,8.329427,"+0.27 [+0.21, +0.32]",0.12,3.118072,0.000***,0.000***
late,60,2020_only/lstm/airl,pretrain_only/lstm/airl,4983,18,8.352573,8.375483,"-0.02 [-0.09, +0.05]",0.09,-0.2742727,1.000,1.000
late,60,2020_only/lstm/none,pretrain_only/lstm/none,4983,18,8.597503,8.538215,"+0.06 [-0.03, +0.14]",0.16,0.6896009,1.000,1.000
late,90,2020_only/lstm/airl,finetune/lstm/airl,4983,18,8.457968,8.437053,"+0.02 [-0.02, +0.06]",0.08,0.24727198,1.000,1.000
late,90,2020_only/lstm/none,finetune/lstm/none,4983,18,8.645522,8.46652,"+0.18 [+0.10, +0.25]",0.12,2.0704525,0.000***,0.000***
late,90,2020_only/lstm/airl,pooled/lstm/airl,4983,18,8.457968,8.412662,"+0.05 [-0.03, +0.11]",0.11,0.5356668,1.000,1.000
late,90,2020_only/lstm/none,pooled/lstm/none,4983,18,8.645522,8.42872,"+0.22 [+0.12, +0.30]",0.08,2.5076807,0.000***,0.000***
late,90,2020_only/lstm/airl,pretrain_only/lstm/airl,4983,18,8.457968,8.438717,"+0.02 [-0.06, +0.10]",0.11,0.22760825,1.000,1.000
late,90,2020_only/lstm/none,pretrain_only/lstm/none,4983,18,8.645522,8.516244,"+0.13 [+0.01, +0.25]",0.16,1.4953177,0.734,0.533
all,15,2020_only/lstm/airl,finetune/lstm/airl,10203,37,9.472582,8.794837,"+0.68 [+0.35, +1.09]",0.12,7.1547866,0.000***,0.000***
all,15,2020_only/lstm/none,finetune/lstm/none,10203,37,9.708942,8.9944,"+0.71 [+0.31, +1.24]",0.2,7.3596325,0.000***,0.000***
all,15,2020_only/lstm/airl,pooled/lstm/airl,10203,37,9.472582,8.989901,"+0.48 [+0.17, +0.83]",0.16,5.095547,0.000***,0.007**
all,15,2020_only/lstm/none,pooled/lstm/none,10203,37,9.708942,9.268063,"+0.44 [+0.09, +0.83]",0.14,4.540968,0.000***,0.052
all,15,2020_only/lstm/airl,pretrain_only/lstm/airl,10203,37,9.472582,8.298046,"+1.17 [+0.36, +2.21]",0.14,12.399302,0.000***,0.000***
all,15,2020_only/lstm/none,pretrain_only/lstm/none,10203,37,9.708942,8.4433365,"+1.27 [+0.34, +2.31]",0.2,13.035474,0.000***,0.000***
all,30,2020_only/lstm/airl,finetune/lstm/airl,10203,37,9.616457,8.949733,"+0.67 [+0.33, +1.11]",0.08,6.9331555,0.000***,0.000***
all,30,2020_only/lstm/none,finetune/lstm/none,10203,37,9.867148,9.130831,"+0.74 [+0.37, +1.22]",0.19,7.4623084,0.000***,0.000***
all,30,2020_only/lstm/airl,pooled/lstm/airl,10203,37,9.616457,9.104892,"+0.51 [+0.20, +0.89]",0.12,5.3196807,0.000***,0.000***
all,30,2020_only/lstm/none,pooled/lstm/none,10203,37,9.867148,9.457596,"+0.41 [+0.07, +0.74]",0.15,4.1506653,0.000***,0.052
all,30,2020_only/lstm/airl,pretrain_only/lstm/airl,10203,37,9.616457,8.409504,"+1.21 [+0.37, +2.26]",0.16,12.550914,0.000***,0.000***
all,30,2020_only/lstm/none,pretrain_only/lstm/none,10203,37,9.867148,8.528486,"+1.34 [+0.42, +2.52]",0.19,13.56686,0.000***,0.000***
all,60,2020_only/lstm/airl,finetune/lstm/airl,10203,37,9.704233,9.073888,"+0.63 [+0.30, +1.08]",0.09,6.4955745,0.000***,0.000***
all,60,2020_only/lstm/none,finetune/lstm/none,10203,37,10.041622,9.223208,"+0.82 [+0.46, +1.31]",0.18,8.150211,0.000***,0.000***
all,60,2020_only/lstm/airl,pooled/lstm/airl,10203,37,9.704233,9.310339,"+0.39 [+0.11, +0.70]",0.14,4.0589857,0.000***,0.012*
all,60,2020_only/lstm/none,pooled/lstm/none,10203,37,10.041622,9.604868,"+0.44 [+0.05, +0.78]",0.21,4.349434,0.000***,0.060
all,60,2020_only/lstm/airl,pretrain_only/lstm/airl,10203,37,9.704233,8.495436,"+1.21 [+0.38, +2.20]",0.1,12.456395,0.000***,0.000***
all,60,2020_only/lstm/none,pretrain_only/lstm/none,10203,37,10.041622,8.671236,"+1.37 [+0.52, +2.46]",0.15,13.647054,0.000***,0.000***
all,90,2020_only/lstm/airl,finetune/lstm/airl,10203,37,9.850587,9.176584,"+0.67 [+0.32, +1.12]",0.08,6.8422523,0.000***,0.000***
all,90,2020_only/lstm/none,finetune/lstm/none,10203,37,10.127713,9.329918,"+0.80 [+0.42, +1.28]",0.14,7.877351,0.000***,0.000***
all,90,2020_only/lstm/airl,pooled/lstm/airl,10203,37,9.850587,9.400693,"+0.45 [+0.16, +0.81]",0.15,4.56717,0.000***,0.025*
all,90,2020_only/lstm/none,pooled/lstm/none,10203,37,10.127713,9.697503,"+0.43 [+0.06, +0.80]",0.14,4.247857,0.000***,0.060
all,90,2020_only/lstm/airl,pretrain_only/lstm/airl,10203,37,9.850587,8.575974,"+1.27 [+0.44, +2.30]",0.11,12.939453,0.000***,0.000***
all,90,2020_only/lstm/none,pretrain_only/lstm/none,10203,37,10.127713,8.713505,"+1.41 [+0.54, +2.53]",0.14,13.963753,0.000***,0.000***
