task,regime,model,cond,stage,fits,median_selected_epoch,q25,q75,frac_reached_max_epochs
classify,pooled,mlp,airl,train,100,41.0,9.0,48.0,0.51
classify,pooled,mlp,airl_H,train,100,44.5,11.0,49.25,0.56
classify,pooled,mlp,airl_P,train,100,41.0,10.0,49.0,0.53
classify,pooled,mlp,bc,train,100,41.5,10.0,48.0,0.54
classify,pooled,mlp,empirical,train,100,40.5,9.0,48.0,0.51
classify,pooled,mlp,logit,train,100,37.0,9.0,48.0,0.46
classify,pooled,mlp,none,train,100,44.5,33.0,49.25,0.59
classify,pooled,mlp,route_id,train,100,34.5,10.0,49.0,0.43
classify,pooled,mlp,route_id+airl,train,100,34.5,9.0,44.0,0.41
classify,pooled,mlp,route_id+bc,train,100,34.5,9.75,45.0,0.41
classify,pooled,mlp,route_id+empirical,train,100,33.5,9.0,45.25,0.39
classify,pooled,mlp,topology,train,100,44.5,10.75,50.0,0.59
forecast,2020_only,lstm,airl,train,400,8.0,4.0,13.0,0.0025
forecast,2020_only,lstm,none,train,400,8.0,4.0,12.0,0.0
forecast,finetune,lstm,airl,finetune,400,10.0,5.0,20.0,0.03
forecast,finetune,lstm,airl,pretrain,400,9.0,7.0,12.0,0.0
forecast,finetune,lstm,none,finetune,400,11.0,5.0,22.0,0.0375
forecast,finetune,lstm,none,pretrain,400,17.0,9.0,25.0,0.0125
forecast,pooled,lstm,airl,train,5,5.0,4.0,6.0,0.0
forecast,pooled,lstm,none,train,5,3.0,1.0,5.0,0.0
forecast,pooled,lstm,route_id+airl,train,400,7.0,5.0,13.0,0.0025
forecast,pooled,lstm,route_id+bc,train,400,7.0,5.0,12.0,0.0
forecast,pooled,lstm,route_id+empirical,train,400,7.0,5.0,12.0,0.0025
forecast,pooled,rnn,none,train,5,11.0,9.0,11.0,0.0
forecast,pretrain_only,lstm,airl,train,400,9.0,7.0,12.0,0.0
forecast,pretrain_only,lstm,none,train,400,16.5,9.0,22.0,0.0
