regime,phase,h,model,cond,n,seeds,MAE,RMSE,MAPE
2020_only,acute,1,lstm,airl,2667,5,12.89 ± 0.41,16.80 ± 0.48,31.0 ± 1.5
2020_only,all,1,lstm,airl,10203,5,9.47 ± 0.11,13.52 ± 0.17,20.7 ± 0.5
2020_only,landfall,1,lstm,airl,560,5,12.21 ± 0.39,16.30 ± 0.46,32.6 ± 1.4
2020_only,late,1,lstm,airl,4983,5,8.23 ± 0.06,12.23 ± 0.03,16.9 ± 0.1
2020_only,pre_landfall,1,lstm,airl,2107,5,13.07 ± 0.52,16.93 ± 0.57,30.6 ± 1.7
2020_only,recovery,1,lstm,airl,2553,5,8.34 ± 0.16,12.01 ± 0.11,17.2 ± 0.4
2020_only,rolling_all,1,lstm,airl,5220,5,10.66 ± 0.19,14.65 ± 0.28,24.3 ± 0.9
2020_only,acute,2,lstm,airl,2667,5,13.04 ± 0.36,17.00 ± 0.45,31.4 ± 1.4
2020_only,all,2,lstm,airl,10203,5,9.62 ± 0.12,13.69 ± 0.15,21.0 ± 0.4
2020_only,landfall,2,lstm,airl,560,5,12.70 ± 0.23,16.82 ± 0.39,33.9 ± 1.0
2020_only,late,2,lstm,airl,4983,5,8.35 ± 0.11,12.31 ± 0.04,17.1 ± 0.1
2020_only,pre_landfall,2,lstm,airl,2107,5,13.12 ± 0.50,17.04 ± 0.57,30.8 ± 1.7
2020_only,recovery,2,lstm,airl,2553,5,8.53 ± 0.20,12.27 ± 0.12,17.7 ± 0.4
2020_only,rolling_all,2,lstm,airl,5220,5,10.83 ± 0.15,14.88 ± 0.25,24.7 ± 0.8
2020_only,acute,4,lstm,airl,2667,5,13.20 ± 0.26,17.18 ± 0.36,31.8 ± 1.1
2020_only,all,4,lstm,airl,10203,5,9.70 ± 0.09,13.80 ± 0.13,21.3 ± 0.4
2020_only,landfall,4,lstm,airl,560,5,13.07 ± 0.59,17.25 ± 0.55,34.5 ± 1.7
2020_only,late,4,lstm,airl,4983,5,8.35 ± 0.08,12.36 ± 0.04,17.2 ± 0.1
2020_only,pre_landfall,4,lstm,airl,2107,5,13.24 ± 0.38,17.16 ± 0.47,31.1 ± 1.4
2020_only,recovery,4,lstm,airl,2553,5,8.69 ± 0.13,12.44 ± 0.10,18.2 ± 0.4
2020_only,rolling_all,4,lstm,airl,5220,5,10.99 ± 0.12,15.05 ± 0.21,25.2 ± 0.7
2020_only,acute,6,lstm,airl,2667,5,13.31 ± 0.25,17.30 ± 0.34,32.1 ± 1.0
2020_only,all,6,lstm,airl,10203,5,9.85 ± 0.10,13.93 ± 0.12,21.5 ± 0.3
2020_only,landfall,6,lstm,airl,560,5,13.56 ± 0.53,17.64 ± 0.52,35.5 ± 1.4
2020_only,late,6,lstm,airl,4983,5,8.46 ± 0.11,12.44 ± 0.05,17.2 ± 0.1
2020_only,pre_landfall,6,lstm,airl,2107,5,13.25 ± 0.36,17.21 ± 0.44,31.3 ± 1.3
2020_only,recovery,6,lstm,airl,2553,5,8.95 ± 0.14,12.68 ± 0.11,18.7 ± 0.3
2020_only,rolling_all,6,lstm,airl,5220,5,11.18 ± 0.16,15.22 ± 0.22,25.6 ± 0.6
2020_only,acute,1,lstm,none,2667,5,13.54 ± 0.44,17.63 ± 0.53,33.2 ± 1.4
2020_only,all,1,lstm,none,10203,5,9.71 ± 0.15,13.89 ± 0.20,21.4 ± 0.4
2020_only,landfall,1,lstm,none,560,5,13.00 ± 0.54,17.05 ± 0.57,35.0 ± 1.5
2020_only,late,1,lstm,none,4983,5,8.28 ± 0.06,12.33 ± 0.04,17.0 ± 0.1
2020_only,pre_landfall,1,lstm,none,2107,5,13.68 ± 0.49,17.77 ± 0.62,32.7 ± 1.7
2020_only,recovery,1,lstm,none,2553,5,8.50 ± 0.17,12.22 ± 0.16,17.5 ± 0.3
2020_only,rolling_all,1,lstm,none,5220,5,11.07 ± 0.27,15.23 ± 0.35,25.5 ± 0.9
2020_only,acute,2,lstm,none,2667,5,13.68 ± 0.40,17.77 ± 0.48,33.5 ± 1.4
2020_only,all,2,lstm,none,10203,5,9.87 ± 0.17,14.05 ± 0.21,21.7 ± 0.5
2020_only,landfall,2,lstm,none,560,5,13.19 ± 0.58,17.30 ± 0.67,35.5 ± 1.8
2020_only,late,2,lstm,none,4983,5,8.47 ± 0.14,12.49 ± 0.08,17.3 ± 0.1
2020_only,pre_landfall,2,lstm,none,2107,5,13.81 ± 0.47,17.89 ± 0.57,32.9 ± 1.6
2020_only,recovery,2,lstm,none,2553,5,8.62 ± 0.23,12.43 ± 0.20,17.8 ± 0.4
2020_only,rolling_all,2,lstm,none,5220,5,11.20 ± 0.25,15.39 ± 0.32,25.8 ± 0.9
2020_only,acute,4,lstm,none,2667,5,13.83 ± 0.35,17.94 ± 0.45,33.8 ± 1.3
2020_only,all,4,lstm,none,10203,5,10.04 ± 0.17,14.21 ± 0.19,22.0 ± 0.5
2020_only,landfall,4,lstm,none,560,5,13.74 ± 0.54,17.83 ± 0.55,36.7 ± 1.3
2020_only,late,4,lstm,none,4983,5,8.60 ± 0.12,12.59 ± 0.06,17.4 ± 0.1
2020_only,pre_landfall,4,lstm,none,2107,5,13.85 ± 0.40,17.96 ± 0.53,33.1 ± 1.5
2020_only,recovery,4,lstm,none,2553,5,8.90 ± 0.19,12.73 ± 0.17,18.5 ± 0.4
2020_only,rolling_all,4,lstm,none,5220,5,11.42 ± 0.23,15.61 ± 0.29,26.3 ± 0.8
2020_only,acute,6,lstm,none,2667,5,13.88 ± 0.29,18.02 ± 0.40,34.0 ± 1.3
2020_only,all,6,lstm,none,10203,5,10.13 ± 0.15,14.31 ± 0.17,22.1 ± 0.4
2020_only,landfall,6,lstm,none,560,5,14.16 ± 0.45,18.38 ± 0.40,37.9 ± 1.1
2020_only,late,6,lstm,none,4983,5,8.65 ± 0.12,12.64 ± 0.06,17.5 ± 0.1
2020_only,pre_landfall,6,lstm,none,2107,5,13.80 ± 0.35,17.93 ± 0.52,33.0 ± 1.5
2020_only,recovery,6,lstm,none,2553,5,9.10 ± 0.15,12.94 ± 0.15,18.9 ± 0.3
2020_only,rolling_all,6,lstm,none,5220,5,11.54 ± 0.19,15.74 ± 0.25,26.6 ± 0.8
finetune,acute,1,lstm,airl,2667,5,10.77 ± 0.37,14.87 ± 0.61,26.4 ± 1.0
finetune,all,1,lstm,airl,10203,5,8.79 ± 0.11,12.79 ± 0.18,19.2 ± 0.3
finetune,landfall,1,lstm,airl,560,5,9.91 ± 0.25,13.83 ± 0.34,25.7 ± 1.0
finetune,late,1,lstm,airl,4983,5,8.19 ± 0.03,12.18 ± 0.01,16.9 ± 0.0
finetune,pre_landfall,1,lstm,airl,2107,5,11.00 ± 0.42,15.13 ± 0.73,26.7 ± 1.1
finetune,recovery,1,lstm,airl,2553,5,7.90 ± 0.15,11.53 ± 0.11,16.3 ± 0.1
finetune,rolling_all,1,lstm,airl,5220,5,9.37 ± 0.19,13.34 ± 0.33,21.5 ± 0.5
finetune,acute,2,lstm,airl,2667,5,11.04 ± 0.31,15.11 ± 0.52,27.1 ± 1.1
finetune,all,2,lstm,airl,10203,5,8.95 ± 0.11,12.93 ± 0.16,19.6 ± 0.3
finetune,landfall,2,lstm,airl,560,5,10.33 ± 0.28,14.21 ± 0.35,26.4 ± 1.1
finetune,late,2,lstm,airl,4983,5,8.28 ± 0.05,12.25 ± 0.03,17.1 ± 0.0
finetune,pre_landfall,2,lstm,airl,2107,5,11.23 ± 0.32,15.33 ± 0.59,27.2 ± 1.2
finetune,recovery,2,lstm,airl,2553,5,8.08 ± 0.11,11.72 ± 0.10,16.7 ± 0.1
finetune,rolling_all,2,lstm,airl,5220,5,9.59 ± 0.17,13.56 ± 0.29,22.0 ± 0.6
finetune,acute,4,lstm,airl,2667,5,11.31 ± 0.26,15.40 ± 0.42,27.7 ± 1.1
finetune,all,4,lstm,airl,10203,5,9.07 ± 0.09,13.10 ± 0.12,19.9 ± 0.3
finetune,landfall,4,lstm,airl,560,5,10.84 ± 0.23,14.86 ± 0.29,27.2 ± 0.6
finetune,late,4,lstm,airl,4983,5,8.34 ± 0.06,12.34 ± 0.03,17.2 ± 0.1
finetune,pre_landfall,4,lstm,airl,2107,5,11.43 ± 0.29,15.54 ± 0.46,27.8 ± 1.2
finetune,recovery,4,lstm,airl,2553,5,8.16 ± 0.09,11.88 ± 0.11,17.1 ± 0.2
finetune,rolling_all,4,lstm,airl,5220,5,9.77 ± 0.12,13.79 ± 0.20,22.5 ± 0.6
finetune,acute,6,lstm,airl,2667,5,11.42 ± 0.22,15.55 ± 0.41,28.0 ± 1.0
finetune,all,6,lstm,airl,10203,5,9.18 ± 0.08,13.22 ± 0.13,20.1 ± 0.3
finetune,landfall,6,lstm,airl,560,5,10.95 ± 0.11,15.07 ± 0.14,27.6 ± 0.1
finetune,late,6,lstm,airl,4983,5,8.44 ± 0.06,12.41 ± 0.03,17.2 ± 0.1
finetune,pre_landfall,6,lstm,airl,2107,5,11.54 ± 0.28,15.67 ± 0.52,28.1 ± 1.3
finetune,recovery,6,lstm,airl,2553,5,8.28 ± 0.08,12.03 ± 0.07,17.3 ± 0.2
finetune,rolling_all,6,lstm,airl,5220,5,9.88 ± 0.12,13.94 ± 0.21,22.8 ± 0.6
finetune,acute,1,lstm,none,2667,5,11.29 ± 0.35,15.45 ± 0.50,28.8 ± 0.9
finetune,all,1,lstm,none,10203,5,8.99 ± 0.10,13.05 ± 0.15,20.0 ± 0.2
finetune,landfall,1,lstm,none,560,5,10.16 ± 0.33,14.27 ± 0.37,27.3 ± 1.2
finetune,late,1,lstm,none,4983,5,8.22 ± 0.04,12.22 ± 0.01,16.9 ± 0.0
finetune,pre_landfall,1,lstm,none,2107,5,11.59 ± 0.43,15.75 ± 0.60,29.2 ± 1.1
finetune,recovery,1,lstm,none,2553,5,8.11 ± 0.18,11.83 ± 0.15,16.6 ± 0.4
finetune,rolling_all,1,lstm,none,5220,5,9.73 ± 0.20,13.80 ± 0.28,22.8 ± 0.5
finetune,acute,2,lstm,none,2667,5,11.51 ± 0.34,15.60 ± 0.44,28.9 ± 0.9
finetune,all,2,lstm,none,10203,5,9.13 ± 0.06,13.17 ± 0.11,20.2 ± 0.2
finetune,landfall,2,lstm,none,560,5,10.61 ± 0.27,14.62 ± 0.29,27.9 ± 1.0
finetune,late,2,lstm,none,4983,5,8.32 ± 0.04,12.30 ± 0.02,17.0 ± 0.1
finetune,pre_landfall,2,lstm,none,2107,5,11.74 ± 0.43,15.85 ± 0.55,29.2 ± 1.1
finetune,recovery,2,lstm,none,2553,5,8.24 ± 0.16,12.00 ± 0.15,17.1 ± 0.3
finetune,rolling_all,2,lstm,none,5220,5,9.91 ± 0.14,13.96 ± 0.22,23.1 ± 0.4
finetune,acute,4,lstm,none,2667,5,11.77 ± 0.33,16.01 ± 0.57,29.8 ± 1.1
finetune,all,4,lstm,none,10203,5,9.22 ± 0.06,13.35 ± 0.14,20.5 ± 0.2
finetune,landfall,4,lstm,none,560,5,11.31 ± 0.50,15.52 ± 0.56,29.3 ± 1.4
finetune,late,4,lstm,none,4983,5,8.36 ± 0.04,12.39 ± 0.03,17.1 ± 0.1
finetune,pre_landfall,4,lstm,none,2107,5,11.89 ± 0.47,16.13 ± 0.72,29.9 ± 1.4
finetune,recovery,4,lstm,none,2553,5,8.25 ± 0.18,12.04 ± 0.16,17.3 ± 0.4
finetune,rolling_all,4,lstm,none,5220,5,10.05 ± 0.12,14.21 ± 0.28,23.7 ± 0.5
finetune,acute,6,lstm,none,2667,5,11.85 ± 0.20,16.16 ± 0.45,30.0 ± 1.0
finetune,all,6,lstm,none,10203,5,9.33 ± 0.06,13.48 ± 0.14,20.7 ± 0.3
finetune,landfall,6,lstm,none,560,5,11.53 ± 0.44,15.86 ± 0.53,29.9 ± 1.5
finetune,late,6,lstm,none,4983,5,8.47 ± 0.03,12.48 ± 0.02,17.2 ± 0.0
finetune,pre_landfall,6,lstm,none,2107,5,11.94 ± 0.34,16.24 ± 0.62,30.1 ± 1.3
finetune,recovery,6,lstm,none,2553,5,8.38 ± 0.15,12.20 ± 0.14,17.6 ± 0.3
finetune,rolling_all,6,lstm,none,5220,5,10.15 ± 0.10,14.36 ± 0.24,23.9 ± 0.5
pooled,acute,1,lstm,airl,2667,5,11.62 ± 0.67,15.54 ± 0.83,27.4 ± 1.4
pooled,all,1,lstm,airl,10203,5,8.99 ± 0.20,12.99 ± 0.29,19.6 ± 0.4
pooled,landfall,1,lstm,airl,560,5,10.21 ± 0.34,14.23 ± 0.58,26.4 ± 1.0
pooled,late,1,lstm,airl,4983,5,8.18 ± 0.02,12.17 ± 0.02,16.9 ± 0.0
pooled,pre_landfall,1,lstm,airl,2107,5,12.00 ± 0.83,15.86 ± 1.00,27.7 ± 1.5
pooled,recovery,1,lstm,airl,2553,5,7.82 ± 0.12,11.53 ± 0.12,16.6 ± 0.3
pooled,rolling_all,1,lstm,airl,5220,5,9.76 ± 0.39,13.73 ± 0.52,22.1 ± 0.7
pooled,acute,2,lstm,airl,2667,5,11.77 ± 0.63,15.67 ± 0.73,27.9 ± 2.2
pooled,all,2,lstm,airl,10203,5,9.10 ± 0.20,13.12 ± 0.24,19.9 ± 0.6
pooled,landfall,2,lstm,airl,560,5,10.48 ± 0.17,14.54 ± 0.47,26.8 ± 0.6
pooled,late,2,lstm,airl,4983,5,8.26 ± 0.06,12.26 ± 0.04,17.1 ± 0.1
pooled,pre_landfall,2,lstm,airl,2107,5,12.12 ± 0.76,15.96 ± 0.81,28.2 ± 2.6
pooled,recovery,2,lstm,airl,2553,5,7.98 ± 0.07,11.72 ± 0.09,17.1 ± 0.2
pooled,rolling_all,2,lstm,airl,5220,5,9.92 ± 0.33,13.89 ± 0.43,22.6 ± 1.1
pooled,acute,4,lstm,airl,2667,5,12.31 ± 0.66,16.30 ± 0.81,29.4 ± 1.8
pooled,all,4,lstm,airl,10203,5,9.31 ± 0.20,13.38 ± 0.27,20.4 ± 0.5
pooled,landfall,4,lstm,airl,560,5,11.31 ± 0.27,15.64 ± 0.46,28.5 ± 0.4
pooled,late,4,lstm,airl,4983,5,8.34 ± 0.09,12.33 ± 0.05,17.1 ± 0.1
pooled,pre_landfall,4,lstm,airl,2107,5,12.58 ± 0.84,16.46 ± 0.97,29.6 ± 2.2
pooled,recovery,4,lstm,airl,2553,5,8.06 ± 0.07,11.85 ± 0.09,17.4 ± 0.2
pooled,rolling_all,4,lstm,airl,5220,5,10.24 ± 0.33,14.30 ± 0.44,23.5 ± 0.9
pooled,acute,6,lstm,airl,2667,5,12.40 ± 0.75,16.40 ± 0.91,29.9 ± 2.3
pooled,all,6,lstm,airl,10203,5,9.40 ± 0.20,13.47 ± 0.29,20.6 ± 0.6
pooled,landfall,6,lstm,airl,560,5,11.35 ± 0.31,15.76 ± 0.47,28.7 ± 0.9
pooled,late,6,lstm,airl,4983,5,8.41 ± 0.05,12.40 ± 0.03,17.2 ± 0.0
pooled,pre_landfall,6,lstm,airl,2107,5,12.68 ± 0.96,16.56 ± 1.11,30.2 ± 2.7
pooled,recovery,6,lstm,airl,2553,5,8.19 ± 0.07,11.97 ± 0.07,17.7 ± 0.2
pooled,rolling_all,6,lstm,airl,5220,5,10.34 ± 0.37,14.41 ± 0.51,23.9 ± 1.1
pooled,acute,1,lstm,airl_H,2667,5,11.78 ± 0.55,15.65 ± 0.60,28.6 ± 1.7
pooled,all,1,lstm,airl_H,10203,5,9.02 ± 0.14,13.02 ± 0.19,19.8 ± 0.4
pooled,landfall,1,lstm,airl_H,560,5,10.25 ± 0.31,14.53 ± 0.48,26.9 ± 1.0
pooled,late,1,lstm,airl_H,4983,5,8.18 ± 0.03,12.17 ± 0.02,16.8 ± 0.1
pooled,pre_landfall,1,lstm,airl_H,2107,5,12.19 ± 0.63,15.93 ± 0.64,29.1 ± 1.9
pooled,recovery,1,lstm,airl_H,2553,5,7.80 ± 0.05,11.53 ± 0.06,16.5 ± 0.1
pooled,rolling_all,1,lstm,airl_H,5220,5,9.83 ± 0.27,13.79 ± 0.35,22.7 ± 0.8
pooled,acute,2,lstm,airl_H,2667,5,12.31 ± 0.65,16.21 ± 0.78,29.7 ± 1.7
pooled,all,2,lstm,airl_H,10203,5,9.24 ± 0.18,13.28 ± 0.26,20.4 ± 0.5
pooled,landfall,2,lstm,airl_H,560,5,10.85 ± 0.30,15.24 ± 0.60,28.1 ± 1.1
pooled,late,2,lstm,airl_H,4983,5,8.25 ± 0.05,12.25 ± 0.02,17.1 ± 0.1
pooled,pre_landfall,2,lstm,airl_H,2107,5,12.70 ± 0.81,16.46 ± 0.89,30.1 ± 2.1
pooled,recovery,2,lstm,airl_H,2553,5,7.95 ± 0.03,11.71 ± 0.02,17.0 ± 0.0
pooled,rolling_all,2,lstm,airl_H,5220,5,10.18 ± 0.32,14.19 ± 0.45,23.5 ± 0.8
pooled,acute,4,lstm,airl_H,2667,5,12.77 ± 0.71,16.67 ± 0.82,31.0 ± 1.7
pooled,all,4,lstm,airl_H,10203,5,9.42 ± 0.20,13.50 ± 0.28,20.8 ± 0.5
pooled,landfall,4,lstm,airl_H,560,5,11.46 ± 0.20,15.91 ± 0.39,29.2 ± 0.8
pooled,late,4,lstm,airl_H,4983,5,8.32 ± 0.04,12.33 ± 0.03,17.1 ± 0.1
pooled,pre_landfall,4,lstm,airl_H,2107,5,13.12 ± 0.89,16.87 ± 0.97,31.5 ± 2.2
pooled,recovery,4,lstm,airl_H,2553,5,8.07 ± 0.08,11.85 ± 0.07,17.4 ± 0.2
pooled,rolling_all,4,lstm,airl_H,5220,5,10.47 ± 0.37,14.52 ± 0.50,24.4 ± 0.9
pooled,acute,6,lstm,airl_H,2667,5,13.06 ± 0.59,17.00 ± 0.72,31.6 ± 1.5
pooled,all,6,lstm,airl_H,10203,5,9.57 ± 0.16,13.66 ± 0.25,21.1 ± 0.4
pooled,landfall,6,lstm,airl_H,560,5,11.65 ± 0.25,16.19 ± 0.45,29.7 ± 0.7
pooled,late,6,lstm,airl_H,4983,5,8.41 ± 0.02,12.40 ± 0.02,17.2 ± 0.0
pooled,pre_landfall,6,lstm,airl_H,2107,5,13.43 ± 0.73,17.21 ± 0.84,32.1 ± 1.8
pooled,recovery,6,lstm,airl_H,2553,5,8.20 ± 0.07,11.97 ± 0.04,17.8 ± 0.1
pooled,rolling_all,6,lstm,airl_H,5220,5,10.68 ± 0.31,14.76 ± 0.44,24.8 ± 0.8
pooled,acute,1,lstm,airl_P,2667,5,11.87 ± 0.44,15.74 ± 0.54,28.9 ± 1.5
pooled,all,1,lstm,airl_P,10203,5,9.05 ± 0.11,13.06 ± 0.17,20.0 ± 0.4
pooled,landfall,1,lstm,airl_P,560,5,10.22 ± 0.26,14.42 ± 0.38,26.8 ± 0.8
pooled,late,1,lstm,airl_P,4983,5,8.17 ± 0.03,12.17 ± 0.03,16.9 ± 0.1
pooled,pre_landfall,1,lstm,airl_P,2107,5,12.31 ± 0.50,16.08 ± 0.59,29.5 ± 1.8
pooled,recovery,1,lstm,airl_P,2553,5,7.82 ± 0.04,11.58 ± 0.06,16.7 ± 0.2
pooled,rolling_all,1,lstm,airl_P,5220,5,9.89 ± 0.22,13.86 ± 0.31,22.9 ± 0.7
pooled,acute,2,lstm,airl_P,2667,5,12.44 ± 0.65,16.37 ± 0.84,30.2 ± 2.1
pooled,all,2,lstm,airl_P,10203,5,9.30 ± 0.16,13.35 ± 0.27,20.5 ± 0.5
pooled,landfall,2,lstm,airl_P,560,5,10.79 ± 0.41,15.12 ± 0.64,27.8 ± 1.1
pooled,late,2,lstm,airl_P,4983,5,8.28 ± 0.06,12.27 ± 0.04,17.1 ± 0.1
pooled,pre_landfall,2,lstm,airl_P,2107,5,12.87 ± 0.74,16.68 ± 0.91,30.8 ± 2.4
pooled,recovery,2,lstm,airl_P,2553,5,8.00 ± 0.05,11.76 ± 0.06,17.2 ± 0.1
pooled,rolling_all,2,lstm,airl_P,5220,5,10.27 ± 0.32,14.31 ± 0.47,23.8 ± 1.0
pooled,acute,4,lstm,airl_P,2667,5,13.03 ± 0.68,16.99 ± 0.83,31.7 ± 2.0
pooled,all,4,lstm,airl_P,10203,5,9.49 ± 0.17,13.59 ± 0.28,21.0 ± 0.5
pooled,landfall,4,lstm,airl_P,560,5,11.66 ± 0.44,16.22 ± 0.58,29.4 ± 0.9
pooled,late,4,lstm,airl_P,4983,5,8.34 ± 0.04,12.33 ± 0.04,17.1 ± 0.1
pooled,pre_landfall,4,lstm,airl_P,2107,5,13.39 ± 0.86,17.19 ± 1.03,32.3 ± 2.4
pooled,recovery,4,lstm,airl_P,2553,5,8.04 ± 0.03,11.82 ± 0.02,17.4 ± 0.1
pooled,rolling_all,4,lstm,airl_P,5220,5,10.59 ± 0.35,14.69 ± 0.49,24.7 ± 1.0
pooled,acute,6,lstm,airl_P,2667,5,13.19 ± 0.55,17.13 ± 0.70,31.9 ± 1.7
pooled,all,6,lstm,airl_P,10203,5,9.59 ± 0.15,13.71 ± 0.24,21.2 ± 0.5
pooled,landfall,6,lstm,airl_P,560,5,11.63 ± 0.40,16.15 ± 0.48,29.6 ± 0.8
pooled,late,6,lstm,airl_P,4983,5,8.38 ± 0.07,12.41 ± 0.04,17.3 ± 0.1
pooled,pre_landfall,6,lstm,airl_P,2107,5,13.60 ± 0.65,17.38 ± 0.81,32.5 ± 2.0
pooled,recovery,6,lstm,airl_P,2553,5,8.21 ± 0.05,11.97 ± 0.02,17.8 ± 0.1
pooled,rolling_all,6,lstm,airl_P,5220,5,10.75 ± 0.27,14.84 ± 0.41,25.0 ± 0.9
pooled,acute,1,lstm,bc,2667,5,11.53 ± 0.70,15.45 ± 0.83,27.6 ± 1.5
pooled,all,1,lstm,bc,10203,5,8.95 ± 0.21,12.95 ± 0.27,19.6 ± 0.4
pooled,landfall,1,lstm,bc,560,5,10.18 ± 0.37,14.28 ± 0.65,26.4 ± 1.2
pooled,late,1,lstm,bc,4983,5,8.16 ± 0.04,12.16 ± 0.03,16.9 ± 0.1
pooled,pre_landfall,1,lstm,bc,2107,5,11.89 ± 0.85,15.74 ± 0.98,28.0 ± 1.7
pooled,recovery,1,lstm,bc,2553,5,7.79 ± 0.08,11.50 ± 0.07,16.5 ± 0.2
pooled,rolling_all,1,lstm,bc,5220,5,9.70 ± 0.38,13.66 ± 0.48,22.2 ± 0.7
pooled,acute,2,lstm,bc,2667,5,11.72 ± 0.58,15.63 ± 0.71,28.3 ± 1.8
pooled,all,2,lstm,bc,10203,5,9.08 ± 0.18,13.10 ± 0.23,20.0 ± 0.5
pooled,landfall,2,lstm,bc,560,5,10.69 ± 0.39,14.86 ± 0.73,27.8 ± 1.2
pooled,late,2,lstm,bc,4983,5,8.25 ± 0.06,12.27 ± 0.02,17.1 ± 0.1
pooled,pre_landfall,2,lstm,bc,2107,5,11.99 ± 0.67,15.82 ± 0.72,28.4 ± 2.1
pooled,recovery,2,lstm,bc,2553,5,7.93 ± 0.10,11.68 ± 0.10,17.0 ± 0.2
pooled,rolling_all,2,lstm,bc,5220,5,9.87 ± 0.32,13.84 ± 0.42,22.7 ± 0.9
pooled,acute,4,lstm,bc,2667,5,12.00 ± 0.81,15.94 ± 0.94,29.2 ± 2.2
pooled,all,4,lstm,bc,10203,5,9.20 ± 0.25,13.25 ± 0.31,20.4 ± 0.6
pooled,landfall,4,lstm,bc,560,5,11.19 ± 0.25,15.56 ± 0.61,28.8 ± 1.0
pooled,late,4,lstm,bc,4983,5,8.29 ± 0.08,12.32 ± 0.05,17.1 ± 0.1
pooled,pre_landfall,4,lstm,bc,2107,5,12.22 ± 0.97,16.04 ± 1.03,29.3 ± 2.6
pooled,recovery,4,lstm,bc,2553,5,8.05 ± 0.08,11.82 ± 0.07,17.4 ± 0.2
pooled,rolling_all,4,lstm,bc,5220,5,10.07 ± 0.42,14.08 ± 0.54,23.4 ± 1.1
pooled,acute,6,lstm,bc,2667,5,12.23 ± 0.87,16.19 ± 1.03,29.9 ± 2.4
pooled,all,6,lstm,bc,10203,5,9.34 ± 0.23,13.39 ± 0.33,20.7 ± 0.6
pooled,landfall,6,lstm,bc,560,5,11.35 ± 0.22,15.74 ± 0.47,29.1 ± 0.8
pooled,late,6,lstm,bc,4983,5,8.41 ± 0.09,12.40 ± 0.04,17.2 ± 0.1
pooled,pre_landfall,6,lstm,bc,2107,5,12.46 ± 1.06,16.31 ± 1.18,30.1 ± 2.9
pooled,recovery,6,lstm,bc,2553,5,8.15 ± 0.04,11.93 ± 0.05,17.7 ± 0.1
pooled,rolling_all,6,lstm,bc,5220,5,10.23 ± 0.45,14.27 ± 0.59,23.9 ± 1.2
pooled,acute,1,lstm,empirical,2667,5,11.47 ± 0.72,15.38 ± 0.84,27.4 ± 1.7
pooled,all,1,lstm,empirical,10203,5,8.95 ± 0.22,12.95 ± 0.28,19.6 ± 0.5
pooled,landfall,1,lstm,empirical,560,5,10.23 ± 0.55,14.32 ± 0.95,26.6 ± 1.6
pooled,late,1,lstm,empirical,4983,5,8.20 ± 0.06,12.18 ± 0.04,16.9 ± 0.1
pooled,pre_landfall,1,lstm,empirical,2107,5,11.80 ± 0.84,15.64 ± 0.96,27.6 ± 1.8
pooled,recovery,1,lstm,empirical,2553,5,7.77 ± 0.08,11.53 ± 0.11,16.6 ± 0.2
pooled,rolling_all,1,lstm,empirical,5220,5,9.66 ± 0.38,13.64 ± 0.50,22.1 ± 0.9
pooled,acute,2,lstm,empirical,2667,5,11.71 ± 0.60,15.61 ± 0.71,28.1 ± 1.8
pooled,all,2,lstm,empirical,10203,5,9.07 ± 0.18,13.09 ± 0.24,20.0 ± 0.5
pooled,landfall,2,lstm,empirical,560,5,10.76 ± 0.21,14.88 ± 0.57,27.7 ± 0.7
pooled,late,2,lstm,empirical,4983,5,8.24 ± 0.06,12.26 ± 0.04,17.1 ± 0.1
pooled,pre_landfall,2,lstm,empirical,2107,5,11.97 ± 0.72,15.80 ± 0.80,28.2 ± 2.1
pooled,recovery,2,lstm,empirical,2553,5,7.93 ± 0.07,11.69 ± 0.10,17.1 ± 0.2
pooled,rolling_all,2,lstm,empirical,5220,5,9.86 ± 0.32,13.83 ± 0.43,22.7 ± 0.9
pooled,acute,4,lstm,empirical,2667,5,11.94 ± 0.92,15.91 ± 1.04,29.0 ± 2.6
pooled,all,4,lstm,empirical,10203,5,9.19 ± 0.25,13.24 ± 0.34,20.3 ± 0.7
pooled,landfall,4,lstm,empirical,560,5,11.25 ± 0.17,15.49 ± 0.49,28.7 ± 0.8
pooled,late,4,lstm,empirical,4983,5,8.32 ± 0.07,12.33 ± 0.03,17.1 ± 0.0
pooled,pre_landfall,4,lstm,empirical,2107,5,12.12 ± 1.13,16.02 ± 1.20,29.0 ± 3.1
pooled,recovery,4,lstm,empirical,2553,5,8.03 ± 0.07,11.80 ± 0.08,17.4 ± 0.2
pooled,rolling_all,4,lstm,empirical,5220,5,10.03 ± 0.47,14.06 ± 0.60,23.3 ± 1.3
pooled,acute,6,lstm,empirical,2667,5,12.15 ± 0.89,16.10 ± 1.07,29.5 ± 2.6
pooled,all,6,lstm,empirical,10203,5,9.32 ± 0.25,13.36 ± 0.35,20.6 ± 0.7
pooled,landfall,6,lstm,empirical,560,5,11.37 ± 0.15,15.66 ± 0.36,28.9 ± 0.7
pooled,late,6,lstm,empirical,4983,5,8.41 ± 0.07,12.40 ± 0.04,17.2 ± 0.0
pooled,pre_landfall,6,lstm,empirical,2107,5,12.36 ± 1.10,16.21 ± 1.26,29.6 ± 3.1
pooled,recovery,6,lstm,empirical,2553,5,8.13 ± 0.07,11.91 ± 0.06,17.7 ± 0.2
pooled,rolling_all,6,lstm,empirical,5220,5,10.19 ± 0.45,14.21 ± 0.61,23.7 ± 1.3
pooled,acute,1,lstm,logit,2667,5,11.69 ± 0.67,15.74 ± 0.86,28.3 ± 1.8
pooled,all,1,lstm,logit,10203,5,9.00 ± 0.20,13.05 ± 0.29,19.7 ± 0.5
pooled,landfall,1,lstm,logit,560,5,10.95 ± 0.49,15.35 ± 0.80,28.9 ± 1.5
pooled,late,1,lstm,logit,4983,5,8.17 ± 0.03,12.16 ± 0.03,16.9 ± 0.1
pooled,pre_landfall,1,lstm,logit,2107,5,11.89 ± 0.78,15.83 ± 0.99,28.1 ± 1.9
pooled,recovery,1,lstm,logit,2553,5,7.81 ± 0.07,11.53 ± 0.10,16.4 ± 0.3
pooled,rolling_all,1,lstm,logit,5220,5,9.79 ± 0.37,13.84 ± 0.52,22.5 ± 0.9
pooled,acute,2,lstm,logit,2667,5,11.99 ± 0.55,16.05 ± 0.71,28.8 ± 2.0
pooled,all,2,lstm,logit,10203,5,9.15 ± 0.15,13.22 ± 0.23,20.0 ± 0.5
pooled,landfall,2,lstm,logit,560,5,11.40 ± 0.48,15.91 ± 0.65,29.3 ± 1.2
pooled,late,2,lstm,logit,4983,5,8.24 ± 0.04,12.24 ± 0.04,17.1 ± 0.1
pooled,pre_landfall,2,lstm,logit,2107,5,12.14 ± 0.65,16.08 ± 0.82,28.6 ± 2.4
pooled,recovery,2,lstm,logit,2553,5,7.95 ± 0.03,11.70 ± 0.06,16.8 ± 0.2
pooled,rolling_all,2,lstm,logit,5220,5,10.01 ± 0.28,14.09 ± 0.42,22.9 ± 1.0
pooled,acute,4,lstm,logit,2667,5,12.40 ± 0.52,16.48 ± 0.66,30.1 ± 1.6
pooled,all,4,lstm,logit,10203,5,9.33 ± 0.16,13.43 ± 0.23,20.5 ± 0.4
pooled,landfall,4,lstm,logit,560,5,12.23 ± 0.53,16.96 ± 0.62,31.0 ± 0.9
pooled,late,4,lstm,logit,4983,5,8.32 ± 0.07,12.31 ± 0.05,17.1 ± 0.1
pooled,pre_landfall,4,lstm,logit,2107,5,12.44 ± 0.68,16.35 ± 0.81,29.9 ± 2.2
pooled,recovery,4,lstm,logit,2553,5,8.09 ± 0.04,11.88 ± 0.04,17.3 ± 0.2
pooled,rolling_all,4,lstm,logit,5220,5,10.29 ± 0.26,14.42 ± 0.38,23.8 ± 0.9
pooled,acute,6,lstm,logit,2667,5,12.61 ± 0.70,16.72 ± 0.89,30.7 ± 2.1
pooled,all,6,lstm,logit,10203,5,9.46 ± 0.19,13.59 ± 0.29,20.9 ± 0.5
pooled,landfall,6,lstm,logit,560,5,12.33 ± 0.39,17.14 ± 0.61,31.2 ± 0.6
pooled,late,6,lstm,logit,4983,5,8.40 ± 0.08,12.39 ± 0.03,17.2 ± 0.1
pooled,pre_landfall,6,lstm,logit,2107,5,12.69 ± 0.90,16.60 ± 1.10,30.6 ± 2.7
pooled,recovery,6,lstm,logit,2553,5,8.24 ± 0.05,12.08 ± 0.07,17.9 ± 0.2
pooled,rolling_all,6,lstm,logit,5220,5,10.47 ± 0.36,14.64 ± 0.52,24.4 ± 1.1
pooled,acute,1,lstm,none,2667,5,12.69 ± 0.60,16.70 ± 0.66,31.3 ± 1.5
pooled,all,1,lstm,none,10203,5,9.27 ± 0.16,13.39 ± 0.21,20.6 ± 0.4
pooled,landfall,1,lstm,none,560,5,10.77 ± 0.30,15.49 ± 0.43,29.4 ± 1.1
pooled,late,1,lstm,none,4983,5,8.18 ± 0.07,12.21 ± 0.04,16.8 ± 0.1
pooled,pre_landfall,1,lstm,none,2107,5,13.19 ± 0.70,17.00 ± 0.73,31.8 ± 1.7
pooled,recovery,1,lstm,none,2553,5,7.82 ± 0.04,11.58 ± 0.05,16.6 ± 0.1
pooled,rolling_all,1,lstm,none,5220,5,10.31 ± 0.31,14.42 ± 0.38,24.1 ± 0.7
pooled,acute,2,lstm,none,2667,5,12.98 ± 0.60,16.93 ± 0.67,31.5 ± 1.5
pooled,all,2,lstm,none,10203,5,9.46 ± 0.17,13.57 ± 0.21,20.8 ± 0.4
pooled,landfall,2,lstm,none,560,5,11.21 ± 0.27,15.84 ± 0.48,29.8 ± 0.9
pooled,late,2,lstm,none,4983,5,8.31 ± 0.10,12.34 ± 0.06,17.1 ± 0.0
pooled,pre_landfall,2,lstm,none,2107,5,13.46 ± 0.70,17.21 ± 0.74,31.9 ± 1.7
pooled,recovery,2,lstm,none,2553,5,8.01 ± 0.07,11.82 ± 0.09,17.2 ± 0.2
pooled,rolling_all,2,lstm,none,5220,5,10.55 ± 0.31,14.66 ± 0.39,24.5 ± 0.7
pooled,acute,4,lstm,none,2667,5,13.38 ± 0.54,17.32 ± 0.72,32.5 ± 1.5
pooled,all,4,lstm,none,10203,5,9.60 ± 0.13,13.77 ± 0.25,21.3 ± 0.4
pooled,landfall,4,lstm,none,560,5,11.43 ± 0.45,15.98 ± 0.83,30.4 ± 1.3
pooled,late,4,lstm,none,4983,5,8.33 ± 0.03,12.42 ± 0.03,17.2 ± 0.1
pooled,pre_landfall,4,lstm,none,2107,5,13.90 ± 0.58,17.65 ± 0.72,33.1 ± 1.6
pooled,recovery,4,lstm,none,2553,5,8.15 ± 0.06,11.95 ± 0.05,17.4 ± 0.2
pooled,rolling_all,4,lstm,none,5220,5,10.82 ± 0.29,14.94 ± 0.43,25.1 ± 0.8
pooled,acute,6,lstm,none,2667,5,13.46 ± 0.39,17.45 ± 0.61,32.8 ± 1.3
pooled,all,6,lstm,none,10203,5,9.70 ± 0.10,13.85 ± 0.20,21.4 ± 0.3
pooled,landfall,6,lstm,none,560,5,11.95 ± 0.42,16.70 ± 0.84,32.1 ± 1.2
pooled,late,6,lstm,none,4983,5,8.43 ± 0.06,12.46 ± 0.03,17.2 ± 0.1
pooled,pre_landfall,6,lstm,none,2107,5,13.86 ± 0.42,17.64 ± 0.59,33.0 ± 1.4
pooled,recovery,6,lstm,none,2553,5,8.24 ± 0.03,12.05 ± 0.06,17.7 ± 0.2
pooled,rolling_all,6,lstm,none,5220,5,10.91 ± 0.18,15.06 ± 0.35,25.4 ± 0.7
pooled,acute,1,lstm,route_id,2667,5,11.23 ± 0.73,15.30 ± 0.72,28.0 ± 1.9
pooled,all,1,lstm,route_id,10203,5,8.83 ± 0.19,12.86 ± 0.23,19.6 ± 0.5
pooled,landfall,1,lstm,route_id,560,5,10.50 ± 0.25,14.80 ± 0.43,28.2 ± 0.7
pooled,late,1,lstm,route_id,4983,5,8.10 ± 0.03,12.08 ± 0.01,16.8 ± 0.1
pooled,pre_landfall,1,lstm,route_id,2107,5,11.42 ± 0.95,15.43 ± 0.90,27.9 ± 2.3
pooled,recovery,1,lstm,route_id,2553,5,7.75 ± 0.04,11.46 ± 0.04,16.3 ± 0.3
pooled,rolling_all,1,lstm,route_id,5220,5,9.53 ± 0.38,13.56 ± 0.43,22.3 ± 1.0
pooled,acute,2,lstm,route_id,2667,5,11.87 ± 0.73,15.90 ± 0.77,29.3 ± 2.0
pooled,all,2,lstm,route_id,10203,5,9.08 ± 0.18,13.12 ± 0.24,20.2 ± 0.5
pooled,landfall,2,lstm,route_id,560,5,11.01 ± 0.21,15.34 ± 0.37,29.4 ± 0.6
pooled,late,2,lstm,route_id,4983,5,8.19 ± 0.06,12.14 ± 0.02,16.9 ± 0.1
pooled,pre_landfall,2,lstm,route_id,2107,5,12.09 ± 0.93,16.04 ± 0.93,29.3 ± 2.4
pooled,recovery,2,lstm,route_id,2553,5,7.89 ± 0.03,11.64 ± 0.04,16.9 ± 0.2
pooled,rolling_all,2,lstm,route_id,5220,5,9.92 ± 0.38,13.98 ± 0.44,23.3 ± 1.0
pooled,acute,4,lstm,route_id,2667,5,12.33 ± 0.58,16.40 ± 0.63,30.4 ± 1.6
pooled,all,4,lstm,route_id,10203,5,9.25 ± 0.14,13.32 ± 0.20,20.6 ± 0.4
pooled,landfall,4,lstm,route_id,560,5,10.91 ± 0.18,15.37 ± 0.47,29.1 ± 0.7
pooled,late,4,lstm,route_id,4983,5,8.24 ± 0.03,12.17 ± 0.02,17.0 ± 0.1
pooled,pre_landfall,4,lstm,route_id,2107,5,12.70 ± 0.73,16.66 ± 0.73,30.8 ± 1.8
pooled,recovery,4,lstm,route_id,2553,5,8.03 ± 0.05,11.78 ± 0.03,17.3 ± 0.1
pooled,rolling_all,4,lstm,route_id,5220,5,10.22 ± 0.30,14.33 ± 0.36,24.0 ± 0.8
pooled,acute,6,lstm,route_id,2667,5,12.47 ± 0.63,16.49 ± 0.68,30.5 ± 1.8
pooled,all,6,lstm,route_id,10203,5,9.33 ± 0.14,13.38 ± 0.21,20.7 ± 0.5
pooled,landfall,6,lstm,route_id,560,5,10.95 ± 0.16,15.39 ± 0.30,29.1 ± 0.6
pooled,late,6,lstm,route_id,4983,5,8.27 ± 0.05,12.18 ± 0.02,17.0 ± 0.0
pooled,pre_landfall,6,lstm,route_id,2107,5,12.87 ± 0.77,16.78 ± 0.79,30.9 ± 2.2
pooled,recovery,6,lstm,route_id,2553,5,8.14 ± 0.07,11.90 ± 0.06,17.7 ± 0.2
pooled,rolling_all,6,lstm,route_id,5220,5,10.35 ± 0.32,14.43 ± 0.39,24.2 ± 0.9
pooled,acute,1,lstm,route_id+airl,2667,5,11.17 ± 0.91,15.09 ± 0.91,27.5 ± 1.7
pooled,all,1,lstm,route_id+airl,10203,5,8.82 ± 0.23,12.79 ± 0.29,19.5 ± 0.5
pooled,landfall,1,lstm,route_id+airl,560,5,10.49 ± 0.21,14.84 ± 0.41,28.1 ± 0.6
pooled,late,1,lstm,route_id+airl,4983,5,8.10 ± 0.04,12.06 ± 0.04,16.8 ± 0.1
pooled,pre_landfall,1,lstm,route_id+airl,2107,5,11.35 ± 1.10,15.15 ± 1.06,27.3 ± 2.0
pooled,recovery,1,lstm,route_id+airl,2553,5,7.77 ± 0.05,11.47 ± 0.08,16.4 ± 0.1
pooled,rolling_all,1,lstm,route_id+airl,5220,5,9.51 ± 0.45,13.44 ± 0.54,22.0 ± 0.9
pooled,acute,2,lstm,route_id+airl,2667,5,11.30 ± 0.86,15.28 ± 0.92,27.9 ± 1.9
pooled,all,2,lstm,route_id+airl,10203,5,8.93 ± 0.23,12.93 ± 0.29,19.8 ± 0.6
pooled,landfall,2,lstm,route_id+airl,560,5,10.88 ± 0.40,15.32 ± 0.71,29.2 ± 1.2
pooled,late,2,lstm,route_id+airl,4983,5,8.17 ± 0.03,12.14 ± 0.02,17.0 ± 0.0
pooled,pre_landfall,2,lstm,route_id+airl,2107,5,11.41 ± 1.06,15.26 ± 1.08,27.5 ± 2.1
pooled,recovery,2,lstm,route_id+airl,2553,5,7.92 ± 0.08,11.64 ± 0.11,16.9 ± 0.3
pooled,rolling_all,2,lstm,route_id+airl,5220,5,9.65 ± 0.45,13.63 ± 0.55,22.5 ± 1.1
pooled,acute,4,lstm,route_id+airl,2667,5,11.72 ± 0.88,15.67 ± 0.93,28.9 ± 1.8
pooled,all,4,lstm,route_id+airl,10203,5,9.11 ± 0.21,13.11 ± 0.28,20.2 ± 0.5
pooled,landfall,4,lstm,route_id+airl,560,5,10.79 ± 0.25,15.19 ± 0.45,28.8 ± 0.6
pooled,late,4,lstm,route_id+airl,4983,5,8.25 ± 0.09,12.18 ± 0.03,17.0 ± 0.0
pooled,pre_landfall,4,lstm,route_id+airl,2107,5,11.97 ± 1.09,15.79 ± 1.11,28.9 ± 2.1
pooled,recovery,4,lstm,route_id+airl,2553,5,8.05 ± 0.05,11.82 ± 0.07,17.4 ± 0.2
pooled,rolling_all,4,lstm,route_id+airl,5220,5,9.93 ± 0.44,13.93 ± 0.53,23.3 ± 0.9
pooled,acute,6,lstm,route_id+airl,2667,5,11.85 ± 1.00,15.80 ± 1.07,29.0 ± 2.2
pooled,all,6,lstm,route_id+airl,10203,5,9.17 ± 0.28,13.17 ± 0.35,20.3 ± 0.6
pooled,landfall,6,lstm,route_id+airl,560,5,10.80 ± 0.19,15.19 ± 0.42,28.9 ± 0.7
pooled,late,6,lstm,route_id+airl,4983,5,8.29 ± 0.06,12.20 ± 0.02,17.0 ± 0.1
pooled,pre_landfall,6,lstm,route_id+airl,2107,5,12.12 ± 1.24,15.95 ± 1.28,29.1 ± 2.6
pooled,recovery,6,lstm,route_id+airl,2553,5,8.11 ± 0.06,11.91 ± 0.07,17.7 ± 0.2
pooled,rolling_all,6,lstm,route_id+airl,5220,5,10.02 ± 0.53,14.04 ± 0.62,23.5 ± 1.2
pooled,acute,1,lstm,route_id+bc,2667,5,11.06 ± 0.91,14.97 ± 0.90,27.5 ± 1.8
pooled,all,1,lstm,route_id+bc,10203,5,8.78 ± 0.23,12.75 ± 0.29,19.5 ± 0.5
pooled,landfall,1,lstm,route_id+bc,560,5,10.58 ± 0.23,14.97 ± 0.40,28.5 ± 0.8
pooled,late,1,lstm,route_id+bc,4983,5,8.10 ± 0.04,12.06 ± 0.03,16.8 ± 0.1
pooled,pre_landfall,1,lstm,route_id+bc,2107,5,11.19 ± 1.10,14.97 ± 1.06,27.2 ± 2.3
pooled,recovery,1,lstm,route_id+bc,2553,5,7.74 ± 0.02,11.44 ± 0.05,16.3 ± 0.1
pooled,rolling_all,1,lstm,route_id+bc,5220,5,9.44 ± 0.46,13.36 ± 0.53,22.0 ± 0.9
pooled,acute,2,lstm,route_id+bc,2667,5,11.30 ± 0.87,15.25 ± 0.91,27.9 ± 1.8
pooled,all,2,lstm,route_id+bc,10203,5,8.93 ± 0.23,12.92 ± 0.28,19.8 ± 0.5
pooled,landfall,2,lstm,route_id+bc,560,5,10.99 ± 0.31,15.44 ± 0.49,29.3 ± 1.0
pooled,late,2,lstm,route_id+bc,4983,5,8.18 ± 0.02,12.15 ± 0.02,16.9 ± 0.1
pooled,pre_landfall,2,lstm,route_id+bc,2107,5,11.38 ± 1.06,15.19 ± 1.08,27.6 ± 2.1
pooled,recovery,2,lstm,route_id+bc,2553,5,7.93 ± 0.05,11.64 ± 0.08,16.9 ± 0.2
pooled,rolling_all,2,lstm,route_id+bc,5220,5,9.65 ± 0.44,13.61 ± 0.54,22.5 ± 1.0
pooled,acute,4,lstm,route_id+bc,2667,5,11.81 ± 0.88,15.78 ± 0.91,29.3 ± 1.7
pooled,all,4,lstm,route_id+bc,10203,5,9.13 ± 0.21,13.15 ± 0.28,20.3 ± 0.5
pooled,landfall,4,lstm,route_id+bc,560,5,10.93 ± 0.38,15.34 ± 0.58,29.1 ± 0.9
pooled,late,4,lstm,route_id+bc,4983,5,8.25 ± 0.09,12.19 ± 0.02,17.0 ± 0.0
pooled,pre_landfall,4,lstm,route_id+bc,2107,5,12.04 ± 1.05,15.89 ± 1.05,29.4 ± 2.0
pooled,recovery,4,lstm,route_id+bc,2553,5,8.07 ± 0.05,11.84 ± 0.06,17.4 ± 0.2
pooled,rolling_all,4,lstm,route_id+bc,5220,5,9.98 ± 0.44,14.00 ± 0.52,23.5 ± 0.9
pooled,acute,6,lstm,route_id+bc,2667,5,11.88 ± 0.95,15.84 ± 1.01,29.4 ± 2.1
pooled,all,6,lstm,route_id+bc,10203,5,9.19 ± 0.28,13.19 ± 0.33,20.4 ± 0.6
pooled,landfall,6,lstm,route_id+bc,560,5,10.88 ± 0.16,15.32 ± 0.43,29.1 ± 0.6
pooled,late,6,lstm,route_id+bc,4983,5,8.30 ± 0.06,12.21 ± 0.02,17.0 ± 0.1
pooled,pre_landfall,6,lstm,route_id+bc,2107,5,12.15 ± 1.18,15.97 ± 1.21,29.4 ± 2.5
pooled,recovery,6,lstm,route_id+bc,2553,5,8.14 ± 0.08,11.92 ± 0.08,17.7 ± 0.2
pooled,rolling_all,6,lstm,route_id+bc,5220,5,10.05 ± 0.52,14.07 ± 0.60,23.7 ± 1.2
pooled,acute,1,lstm,route_id+empirical,2667,5,10.96 ± 0.82,14.84 ± 0.81,27.2 ± 1.5
pooled,all,1,lstm,route_id+empirical,10203,5,8.75 ± 0.20,12.72 ± 0.25,19.4 ± 0.4
pooled,landfall,1,lstm,route_id+empirical,560,5,10.53 ± 0.22,14.86 ± 0.42,28.2 ± 0.7
pooled,late,1,lstm,route_id+empirical,4983,5,8.10 ± 0.05,12.07 ± 0.04,16.8 ± 0.1
pooled,pre_landfall,1,lstm,route_id+empirical,2107,5,11.08 ± 1.00,14.84 ± 0.94,26.9 ± 1.8
pooled,recovery,1,lstm,route_id+empirical,2553,5,7.72 ± 0.03,11.47 ± 0.07,16.4 ± 0.2
pooled,rolling_all,1,lstm,route_id+empirical,5220,5,9.38 ± 0.41,13.30 ± 0.48,21.9 ± 0.8
pooled,acute,2,lstm,route_id+empirical,2667,5,11.14 ± 0.80,15.09 ± 0.84,27.7 ± 1.5
pooled,all,2,lstm,route_id+empirical,10203,5,8.88 ± 0.21,12.86 ± 0.26,19.7 ± 0.4
pooled,landfall,2,lstm,route_id+empirical,560,5,10.86 ± 0.20,15.32 ± 0.39,29.1 ± 0.6
pooled,late,2,lstm,route_id+empirical,4983,5,8.18 ± 0.02,12.14 ± 0.02,16.9 ± 0.1
pooled,pre_landfall,2,lstm,route_id+empirical,2107,5,11.22 ± 0.99,15.02 ± 1.01,27.3 ± 1.8
pooled,recovery,2,lstm,route_id+empirical,2553,5,7.87 ± 0.05,11.63 ± 0.10,16.9 ± 0.2
pooled,rolling_all,2,lstm,route_id+empirical,5220,5,9.54 ± 0.41,13.51 ± 0.50,22.4 ± 0.8
pooled,acute,4,lstm,route_id+empirical,2667,5,11.70 ± 0.89,15.71 ± 0.93,29.2 ± 1.7
pooled,all,4,lstm,route_id+empirical,10203,5,9.09 ± 0.21,13.11 ± 0.27,20.3 ± 0.4
pooled,landfall,4,lstm,route_id+empirical,560,5,10.95 ± 0.38,15.43 ± 0.63,29.3 ± 0.9
pooled,late,4,lstm,route_id+empirical,4983,5,8.25 ± 0.09,12.18 ± 0.02,17.0 ± 0.0
pooled,pre_landfall,4,lstm,route_id+empirical,2107,5,11.91 ± 1.07,15.77 ± 1.06,29.1 ± 1.9
pooled,recovery,4,lstm,route_id+empirical,2553,5,8.00 ± 0.03,11.77 ± 0.05,17.3 ± 0.1
pooled,rolling_all,4,lstm,route_id+empirical,5220,5,9.89 ± 0.44,13.93 ± 0.52,23.4 ± 0.8
pooled,acute,6,lstm,route_id+empirical,2667,5,11.86 ± 0.98,15.84 ± 1.02,29.4 ± 2.1
pooled,all,6,lstm,route_id+empirical,10203,5,9.16 ± 0.28,13.18 ± 0.33,20.4 ± 0.6
pooled,landfall,6,lstm,route_id+empirical,560,5,10.89 ± 0.21,15.41 ± 0.44,29.1 ± 0.6
pooled,late,6,lstm,route_id+empirical,4983,5,8.29 ± 0.05,12.20 ± 0.02,17.0 ± 0.1
pooled,pre_landfall,6,lstm,route_id+empirical,2107,5,12.11 ± 1.23,15.94 ± 1.24,29.4 ± 2.5
pooled,recovery,6,lstm,route_id+empirical,2553,5,8.06 ± 0.05,11.85 ± 0.04,17.6 ± 0.1
pooled,rolling_all,6,lstm,route_id+empirical,5220,5,10.00 ± 0.52,14.04 ± 0.59,23.6 ± 1.1
pooled,acute,1,lstm,topology,2667,5,11.87 ± 0.45,15.79 ± 0.55,28.7 ± 1.3
pooled,all,1,lstm,topology,10203,5,9.06 ± 0.13,13.07 ± 0.17,19.9 ± 0.3
pooled,landfall,1,lstm,topology,560,5,10.43 ± 0.31,14.81 ± 0.49,27.9 ± 1.1
pooled,late,1,lstm,topology,4983,5,8.20 ± 0.04,12.17 ± 0.02,16.8 ± 0.1
pooled,pre_landfall,1,lstm,topology,2107,5,12.26 ± 0.51,16.04 ± 0.57,28.9 ± 1.6
pooled,recovery,1,lstm,topology,2553,5,7.82 ± 0.03,11.56 ± 0.02,16.7 ± 0.1
pooled,rolling_all,1,lstm,topology,5220,5,9.89 ± 0.22,13.88 ± 0.31,22.8 ± 0.6
pooled,acute,2,lstm,topology,2667,5,12.34 ± 0.71,16.31 ± 0.88,30.0 ± 2.1
pooled,all,2,lstm,topology,10203,5,9.25 ± 0.19,13.31 ± 0.30,20.4 ± 0.6
pooled,landfall,2,lstm,topology,560,5,11.00 ± 0.28,15.42 ± 0.54,28.7 ± 1.0
pooled,late,2,lstm,topology,4983,5,8.26 ± 0.04,12.24 ± 0.04,17.0 ± 0.1
pooled,pre_landfall,2,lstm,topology,2107,5,12.69 ± 0.84,16.54 ± 0.98,30.3 ± 2.5
pooled,recovery,2,lstm,topology,2553,5,7.96 ± 0.08,11.73 ± 0.06,17.1 ± 0.2
pooled,rolling_all,2,lstm,topology,5220,5,10.20 ± 0.36,14.26 ± 0.53,23.7 ± 1.1
pooled,acute,4,lstm,topology,2667,5,12.70 ± 0.67,16.68 ± 0.80,31.1 ± 1.7
pooled,all,4,lstm,topology,10203,5,9.42 ± 0.18,13.51 ± 0.27,20.9 ± 0.4
pooled,landfall,4,lstm,topology,560,5,11.48 ± 0.29,15.95 ± 0.56,29.5 ± 0.9
pooled,late,4,lstm,topology,4983,5,8.34 ± 0.04,12.33 ± 0.01,17.1 ± 0.1
pooled,pre_landfall,4,lstm,topology,2107,5,13.02 ± 0.82,16.86 ± 0.89,31.5 ± 2.1
pooled,recovery,4,lstm,topology,2553,5,8.09 ± 0.07,11.89 ± 0.05,17.5 ± 0.2
pooled,rolling_all,4,lstm,topology,5220,5,10.44 ± 0.35,14.54 ± 0.48,24.4 ± 0.9
pooled,acute,6,lstm,topology,2667,5,13.04 ± 0.65,17.05 ± 0.84,31.8 ± 1.8
pooled,all,6,lstm,topology,10203,5,9.59 ± 0.17,13.69 ± 0.29,21.2 ± 0.5
pooled,landfall,6,lstm,topology,560,5,11.78 ± 0.28,16.33 ± 0.58,30.2 ± 0.9
pooled,late,6,lstm,topology,4983,5,8.43 ± 0.05,12.43 ± 0.03,17.2 ± 0.1
pooled,pre_landfall,6,lstm,topology,2107,5,13.38 ± 0.78,17.23 ± 0.93,32.3 ± 2.1
pooled,recovery,6,lstm,topology,2553,5,8.23 ± 0.07,11.99 ± 0.05,17.8 ± 0.2
pooled,rolling_all,6,lstm,topology,5220,5,10.69 ± 0.34,14.80 ± 0.51,25.0 ± 1.0
pooled,acute,1,persistence,none,2667,1,10.94,16.88,27.8
pooled,all,1,persistence,none,10203,1,10.39,16.09,21.6
pooled,landfall,1,persistence,none,560,1,10.70,15.41,23.5
pooled,late,1,persistence,none,4983,1,10.65,16.40,20.4
pooled,pre_landfall,1,persistence,none,2107,1,11.00,17.26,28.9
pooled,recovery,1,persistence,none,2553,1,9.29,14.57,17.4
pooled,rolling_all,1,persistence,none,5220,1,10.13,15.79,22.7
pooled,acute,2,persistence,none,2667,1,11.26,16.82,23.5
pooled,all,2,persistence,none,10203,1,10.78,16.30,21.1
pooled,landfall,2,persistence,none,560,1,11.59,16.42,24.8
pooled,late,2,persistence,none,4983,1,10.94,16.49,20.9
pooled,pre_landfall,2,persistence,none,2107,1,11.17,16.92,23.2
pooled,recovery,2,persistence,none,2553,1,9.96,15.34,18.9
pooled,rolling_all,2,persistence,none,5220,1,10.62,16.11,21.3
pooled,acute,4,persistence,none,2667,1,11.29,16.87,25.1
pooled,all,4,persistence,none,10203,1,10.99,16.50,21.9
pooled,landfall,4,persistence,none,560,1,11.56,16.25,23.8
pooled,late,4,persistence,none,4983,1,11.25,16.95,21.3
pooled,pre_landfall,4,persistence,none,2107,1,11.22,17.03,25.4
pooled,recovery,4,persistence,none,2553,1,10.18,15.18,19.8
pooled,rolling_all,4,persistence,none,5220,1,10.75,16.07,22.5
pooled,acute,6,persistence,none,2667,1,11.72,17.47,24.4
pooled,all,6,persistence,none,10203,1,11.32,16.88,22.4
pooled,landfall,6,persistence,none,560,1,12.23,17.00,26.7
pooled,late,6,persistence,none,4983,1,11.33,16.80,21.7
pooled,pre_landfall,6,persistence,none,2107,1,11.58,17.59,23.8
pooled,recovery,6,persistence,none,2553,1,10.89,16.40,21.5
pooled,rolling_all,6,persistence,none,5220,1,11.31,16.96,23.0
pooled,acute,1,ridge,airl,2667,5,8.93 ± 0.04,13.09 ± 0.04,22.7 ± 0.1
pooled,all,1,ridge,airl,10203,5,8.54 ± 0.02,12.57 ± 0.02,18.5 ± 0.0
pooled,landfall,1,ridge,airl,560,5,9.50 ± 0.09,12.91 ± 0.14,22.1 ± 0.3
pooled,late,1,ridge,airl,4983,5,8.58 ± 0.02,12.68 ± 0.03,17.3 ± 0.0
pooled,pre_landfall,1,ridge,airl,2107,5,8.78 ± 0.03,13.14 ± 0.04,22.8 ± 0.1
pooled,recovery,1,ridge,airl,2553,5,8.05 ± 0.01,11.76 ± 0.03,16.6 ± 0.1
pooled,rolling_all,1,ridge,airl,5220,5,8.50 ± 0.02,12.46 ± 0.03,19.7 ± 0.1
pooled,acute,2,ridge,airl,2667,5,9.08 ± 0.04,13.19 ± 0.04,22.5 ± 0.1
pooled,all,2,ridge,airl,10203,5,8.70 ± 0.02,12.70 ± 0.02,18.8 ± 0.0
pooled,landfall,2,ridge,airl,560,5,9.77 ± 0.10,13.17 ± 0.14,22.8 ± 0.3
pooled,late,2,ridge,airl,4983,5,8.71 ± 0.03,12.75 ± 0.03,17.5 ± 0.0
pooled,pre_landfall,2,ridge,airl,2107,5,8.89 ± 0.04,13.20 ± 0.04,22.4 ± 0.1
pooled,recovery,2,ridge,airl,2553,5,8.30 ± 0.02,12.04 ± 0.04,17.2 ± 0.1
pooled,rolling_all,2,ridge,airl,5220,5,8.70 ± 0.02,12.64 ± 0.04,19.9 ± 0.1
pooled,acute,4,ridge,airl,2667,5,9.33 ± 0.04,13.43 ± 0.04,23.3 ± 0.1
pooled,all,4,ridge,airl,10203,5,8.90 ± 0.02,12.86 ± 0.02,19.2 ± 0.0
pooled,landfall,4,ridge,airl,560,5,10.12 ± 0.11,13.54 ± 0.13,23.5 ± 0.3
pooled,late,4,ridge,airl,4983,5,8.85 ± 0.03,12.84 ± 0.03,17.7 ± 0.0
pooled,pre_landfall,4,ridge,airl,2107,5,9.11 ± 0.03,13.40 ± 0.04,23.2 ± 0.1
pooled,recovery,4,ridge,airl,2553,5,8.55 ± 0.02,12.26 ± 0.03,17.8 ± 0.1
pooled,rolling_all,4,ridge,airl,5220,5,8.95 ± 0.02,12.87 ± 0.03,20.6 ± 0.1
pooled,acute,6,ridge,airl,2667,5,9.56 ± 0.04,13.71 ± 0.04,23.7 ± 0.1
pooled,all,6,ridge,airl,10203,5,9.08 ± 0.02,13.02 ± 0.02,19.5 ± 0.0
pooled,landfall,6,ridge,airl,560,5,10.60 ± 0.09,14.18 ± 0.11,24.7 ± 0.2
pooled,late,6,ridge,airl,4983,5,8.96 ± 0.03,12.92 ± 0.02,17.8 ± 0.0
pooled,pre_landfall,6,ridge,airl,2107,5,9.28 ± 0.03,13.58 ± 0.04,23.5 ± 0.1
pooled,recovery,6,ridge,airl,2553,5,8.81 ± 0.02,12.45 ± 0.02,18.2 ± 0.1
pooled,rolling_all,6,ridge,airl,5220,5,9.19 ± 0.02,13.11 ± 0.03,21.1 ± 0.1
pooled,acute,1,ridge,empirical,2667,1,8.90,13.18,22.7
pooled,all,1,ridge,empirical,10203,1,8.48,12.67,18.6
pooled,landfall,1,ridge,empirical,560,1,9.29,12.71,21.2
pooled,late,1,ridge,empirical,4983,1,8.56,12.79,17.5
pooled,pre_landfall,1,ridge,empirical,2107,1,8.80,13.30,23.1
pooled,recovery,1,ridge,empirical,2553,1,7.86,11.85,16.5
pooled,rolling_all,1,ridge,empirical,5220,1,8.39,12.55,19.7
pooled,acute,2,ridge,empirical,2667,1,9.06,13.27,22.4
pooled,all,2,ridge,empirical,10203,1,8.66,12.79,18.8
pooled,landfall,2,ridge,empirical,560,1,9.57,12.96,21.9
pooled,late,2,ridge,empirical,4983,1,8.70,12.85,17.7
pooled,pre_landfall,2,ridge,empirical,2107,1,8.92,13.35,22.5
pooled,recovery,2,ridge,empirical,2553,1,8.16,12.15,17.2
pooled,rolling_all,2,ridge,empirical,5220,1,8.62,12.73,19.8
pooled,acute,4,ridge,empirical,2667,1,9.33,13.54,23.3
pooled,all,4,ridge,empirical,10203,1,8.87,12.97,19.3
pooled,landfall,4,ridge,empirical,560,1,9.97,13.32,22.6
pooled,late,4,ridge,empirical,4983,1,8.85,12.96,17.8
pooled,pre_landfall,4,ridge,empirical,2107,1,9.17,13.60,23.5
pooled,recovery,4,ridge,empirical,2553,1,8.42,12.36,17.8
pooled,rolling_all,4,ridge,empirical,5220,1,8.89,12.98,20.6
pooled,acute,6,ridge,empirical,2667,1,9.57,13.83,23.8
pooled,all,6,ridge,empirical,10203,1,9.07,13.15,19.6
pooled,landfall,6,ridge,empirical,560,1,10.48,14.00,24.0
pooled,late,6,ridge,empirical,4983,1,8.97,13.04,18.0
pooled,pre_landfall,6,ridge,empirical,2107,1,9.33,13.78,23.7
pooled,recovery,6,ridge,empirical,2553,1,8.73,12.62,18.3
pooled,rolling_all,6,ridge,empirical,5220,1,9.16,13.25,21.1
pooled,acute,1,ridge,none,2667,1,9.04,13.31,22.4
pooled,all,1,ridge,none,10203,1,8.73,12.81,18.5
pooled,landfall,1,ridge,none,560,1,9.25,12.73,22.0
pooled,late,1,ridge,none,4983,1,8.83,12.96,17.5
pooled,pre_landfall,1,ridge,none,2107,1,8.98,13.46,22.5
pooled,recovery,1,ridge,none,2553,1,8.23,11.97,16.3
pooled,rolling_all,1,ridge,none,5220,1,8.64,12.67,19.4
pooled,acute,2,ridge,none,2667,1,9.20,13.40,22.0
pooled,all,2,ridge,none,10203,1,8.92,12.94,18.7
pooled,landfall,2,ridge,none,560,1,9.52,13.02,22.7
pooled,late,2,ridge,none,4983,1,8.97,13.01,17.7
pooled,pre_landfall,2,ridge,none,2107,1,9.12,13.51,21.8
pooled,recovery,2,ridge,none,2553,1,8.52,12.27,17.0
pooled,rolling_all,2,ridge,none,5220,1,8.87,12.86,19.6
pooled,acute,4,ridge,none,2667,1,9.50,13.69,22.9
pooled,all,4,ridge,none,10203,1,9.14,13.12,19.2
pooled,landfall,4,ridge,none,560,1,10.00,13.46,23.6
pooled,late,4,ridge,none,4983,1,9.12,13.11,17.9
pooled,pre_landfall,4,ridge,none,2107,1,9.36,13.75,22.7
pooled,recovery,4,ridge,none,2553,1,8.81,12.54,17.6
pooled,rolling_all,4,ridge,none,5220,1,9.16,13.14,20.3
pooled,acute,6,ridge,none,2667,1,9.70,13.97,23.3
pooled,all,6,ridge,none,10203,1,9.33,13.31,19.5
pooled,landfall,6,ridge,none,560,1,10.41,14.16,24.9
pooled,late,6,ridge,none,4983,1,9.25,13.20,18.1
pooled,pre_landfall,6,ridge,none,2107,1,9.51,13.92,22.9
pooled,recovery,6,ridge,none,2553,1,9.09,12.81,18.2
pooled,rolling_all,6,ridge,none,5220,1,9.40,13.42,20.8
pooled,acute,1,ridge,route_id,2667,1,8.74,12.94,23.7
pooled,all,1,ridge,route_id,10203,1,8.34,12.30,18.7
pooled,landfall,1,ridge,route_id,560,1,9.75,13.62,25.0
pooled,late,1,ridge,route_id,4983,1,8.35,12.32,17.0
pooled,pre_landfall,1,ridge,route_id,2107,1,8.47,12.75,23.4
pooled,recovery,1,ridge,route_id,2553,1,7.91,11.57,16.8
pooled,rolling_all,1,ridge,route_id,5220,1,8.33,12.29,20.3
pooled,acute,2,ridge,route_id,2667,1,8.85,13.00,23.6
pooled,all,2,ridge,route_id,10203,1,8.45,12.39,18.8
pooled,landfall,2,ridge,route_id,560,1,10.15,14.03,26.0
pooled,late,2,ridge,route_id,4983,1,8.42,12.35,17.1
pooled,pre_landfall,2,ridge,route_id,2107,1,8.51,12.71,23.0
pooled,recovery,2,ridge,route_id,2553,1,8.10,11.77,17.3
pooled,rolling_all,2,ridge,route_id,5220,1,8.48,12.41,20.5
pooled,acute,4,ridge,route_id,2667,1,8.98,13.16,24.2
pooled,all,4,ridge,route_id,10203,1,8.55,12.48,19.1
pooled,landfall,4,ridge,route_id,560,1,10.48,14.42,26.8
pooled,late,4,ridge,route_id,4983,1,8.49,12.37,17.2
pooled,pre_landfall,4,ridge,route_id,2107,1,8.58,12.81,23.4
pooled,recovery,4,ridge,route_id,2553,1,8.22,11.94,17.6
pooled,rolling_all,4,ridge,route_id,5220,1,8.61,12.58,21.0
pooled,acute,6,ridge,route_id,2667,1,9.08,13.31,24.4
pooled,all,6,ridge,route_id,10203,1,8.62,12.55,19.3
pooled,landfall,6,ridge,route_id,560,1,10.72,14.80,27.6
pooled,late,6,ridge,route_id,4983,1,8.51,12.39,17.2
pooled,pre_landfall,6,ridge,route_id,2107,1,8.64,12.88,23.6
pooled,recovery,6,ridge,route_id,2553,1,8.35,12.05,18.0
pooled,rolling_all,6,ridge,route_id,5220,1,8.72,12.71,21.3
pooled,acute,1,ridge,route_id+airl,2667,5,8.70 ± 0.01,12.90 ± 0.01,23.5 ± 0.0
pooled,all,1,ridge,route_id+airl,10203,5,8.31 ± 0.01,12.28 ± 0.01,18.6 ± 0.0
pooled,landfall,1,ridge,route_id+airl,560,5,9.65 ± 0.03,13.50 ± 0.05,24.6 ± 0.1
pooled,late,1,ridge,route_id+airl,4983,5,8.33 ± 0.01,12.31 ± 0.01,17.0 ± 0.0
pooled,pre_landfall,1,ridge,route_id+airl,2107,5,8.45 ± 0.01,12.73 ± 0.01,23.3 ± 0.1
pooled,recovery,1,ridge,route_id+airl,2553,5,7.87 ± 0.01,11.53 ± 0.02,16.7 ± 0.1
pooled,rolling_all,1,ridge,route_id+airl,5220,5,8.30 ± 0.01,12.25 ± 0.01,20.2 ± 0.0
pooled,acute,2,ridge,route_id+airl,2667,5,8.81 ± 0.01,12.97 ± 0.01,23.5 ± 0.0
pooled,all,2,ridge,route_id+airl,10203,5,8.42 ± 0.01,12.36 ± 0.00,18.8 ± 0.0
pooled,landfall,2,ridge,route_id+airl,560,5,10.03 ± 0.02,13.93 ± 0.04,25.7 ± 0.1
pooled,late,2,ridge,route_id+airl,4983,5,8.40 ± 0.01,12.35 ± 0.01,17.1 ± 0.0
pooled,pre_landfall,2,ridge,route_id+airl,2107,5,8.49 ± 0.01,12.70 ± 0.01,22.9 ± 0.1
pooled,recovery,2,ridge,route_id+airl,2553,5,8.06 ± 0.01,11.74 ± 0.02,17.2 ± 0.0
pooled,rolling_all,2,ridge,route_id+airl,5220,5,8.44 ± 0.01,12.38 ± 0.01,20.4 ± 0.0
pooled,acute,4,ridge,route_id+airl,2667,5,8.95 ± 0.01,13.14 ± 0.01,24.1 ± 0.0
pooled,all,4,ridge,route_id+airl,10203,5,8.53 ± 0.01,12.46 ± 0.00,19.1 ± 0.0
pooled,landfall,4,ridge,route_id+airl,560,5,10.35 ± 0.02,14.32 ± 0.03,26.5 ± 0.1
pooled,late,4,ridge,route_id+airl,4983,5,8.47 ± 0.01,12.36 ± 0.01,17.1 ± 0.0
pooled,pre_landfall,4,ridge,route_id+airl,2107,5,8.57 ± 0.01,12.80 ± 0.01,23.4 ± 0.0
pooled,recovery,4,ridge,route_id+airl,2553,5,8.20 ± 0.01,11.90 ± 0.02,17.6 ± 0.0
pooled,rolling_all,4,ridge,route_id+airl,5220,5,8.58 ± 0.01,12.55 ± 0.01,20.9 ± 0.0
pooled,acute,6,ridge,route_id+airl,2667,5,9.08 ± 0.01,13.30 ± 0.01,24.4 ± 0.0
pooled,all,6,ridge,route_id+airl,10203,5,8.61 ± 0.00,12.54 ± 0.01,19.3 ± 0.0
pooled,landfall,6,ridge,route_id+airl,560,5,10.63 ± 0.02,14.69 ± 0.03,27.4 ± 0.1
pooled,late,6,ridge,route_id+airl,4983,5,8.50 ± 0.01,12.39 ± 0.00,17.2 ± 0.0
pooled,pre_landfall,6,ridge,route_id+airl,2107,5,8.67 ± 0.01,12.90 ± 0.02,23.6 ± 0.1
pooled,recovery,6,ridge,route_id+airl,2553,5,8.33 ± 0.01,12.01 ± 0.01,17.9 ± 0.0
pooled,rolling_all,6,ridge,route_id+airl,5220,5,8.71 ± 0.00,12.69 ± 0.01,21.2 ± 0.0
pooled,acute,1,ridge,route_id+empirical,2667,1,8.66,12.89,23.6
pooled,all,1,ridge,route_id+empirical,10203,1,8.26,12.28,18.7
pooled,landfall,1,ridge,route_id+empirical,560,1,9.56,13.41,24.4
pooled,late,1,ridge,route_id+empirical,4983,1,8.29,12.32,17.0
pooled,pre_landfall,1,ridge,route_id+empirical,2107,1,8.42,12.75,23.4
pooled,recovery,1,ridge,route_id+empirical,2553,1,7.78,11.51,16.7
pooled,rolling_all,1,ridge,route_id+empirical,5220,1,8.23,12.24,20.2
pooled,acute,2,ridge,route_id+empirical,2667,1,8.78,12.95,23.5
pooled,all,2,ridge,route_id+empirical,10203,1,8.38,12.36,18.8
pooled,landfall,2,ridge,route_id+empirical,560,1,9.98,13.86,25.5
pooled,late,2,ridge,route_id+empirical,4983,1,8.37,12.35,17.1
pooled,pre_landfall,2,ridge,route_id+empirical,2107,1,8.46,12.70,23.0
pooled,recovery,2,ridge,route_id+empirical,2553,1,8.01,11.74,17.2
pooled,rolling_all,2,ridge,route_id+empirical,5220,1,8.40,12.37,20.4
pooled,acute,4,ridge,route_id+empirical,2667,1,8.92,13.13,24.1
pooled,all,4,ridge,route_id+empirical,10203,1,8.49,12.46,19.1
pooled,landfall,4,ridge,route_id+empirical,560,1,10.34,14.28,26.5
pooled,late,4,ridge,route_id+empirical,4983,1,8.44,12.37,17.2
pooled,pre_landfall,4,ridge,route_id+empirical,2107,1,8.54,12.81,23.5
pooled,recovery,4,ridge,route_id+empirical,2553,1,8.14,11.90,17.6
pooled,rolling_all,4,ridge,route_id+empirical,5220,1,8.54,12.55,20.9
pooled,acute,6,ridge,route_id+empirical,2667,1,9.04,13.28,24.4
pooled,all,6,ridge,route_id+empirical,10203,1,8.58,12.55,19.3
pooled,landfall,6,ridge,route_id+empirical,560,1,10.63,14.66,27.3
pooled,late,6,ridge,route_id+empirical,4983,1,8.48,12.39,17.2
pooled,pre_landfall,6,ridge,route_id+empirical,2107,1,8.62,12.89,23.6
pooled,recovery,6,ridge,route_id+empirical,2553,1,8.30,12.04,18.0
pooled,rolling_all,6,ridge,route_id+empirical,5220,1,8.68,12.69,21.3
pooled,acute,1,rnn,none,2667,5,10.79 ± 0.57,14.75 ± 0.51,26.8 ± 1.1
pooled,all,1,rnn,none,10203,5,8.83 ± 0.17,12.84 ± 0.17,19.6 ± 0.3
pooled,landfall,1,rnn,none,560,5,10.15 ± 0.21,14.33 ± 0.25,27.7 ± 0.6
pooled,late,1,rnn,none,4983,5,8.23 ± 0.03,12.29 ± 0.02,17.1 ± 0.1
pooled,pre_landfall,1,rnn,none,2107,5,10.96 ± 0.73,14.86 ± 0.63,26.6 ± 1.4
pooled,recovery,1,rnn,none,2553,5,7.96 ± 0.07,11.67 ± 0.10,16.8 ± 0.2
pooled,rolling_all,1,rnn,none,5220,5,9.40 ± 0.31,13.33 ± 0.30,21.9 ± 0.6
pooled,acute,2,rnn,none,2667,5,10.93 ± 0.44,14.90 ± 0.44,27.0 ± 1.1
pooled,all,2,rnn,none,10203,5,8.94 ± 0.12,12.97 ± 0.15,19.8 ± 0.4
pooled,landfall,2,rnn,none,560,5,10.45 ± 0.13,14.49 ± 0.23,27.9 ± 0.4
pooled,late,2,rnn,none,4983,5,8.28 ± 0.06,12.36 ± 0.04,17.2 ± 0.1
pooled,pre_landfall,2,rnn,none,2107,5,11.06 ± 0.58,15.01 ± 0.58,26.7 ± 1.5
pooled,recovery,2,rnn,none,2553,5,8.15 ± 0.06,11.92 ± 0.07,17.3 ± 0.2
pooled,rolling_all,2,rnn,none,5220,5,9.57 ± 0.25,13.53 ± 0.26,22.2 ± 0.6
pooled,acute,4,rnn,none,2667,5,10.77 ± 0.50,14.81 ± 0.77,27.2 ± 1.7
pooled,all,4,rnn,none,10203,5,8.98 ± 0.12,13.00 ± 0.23,19.9 ± 0.5
pooled,landfall,4,rnn,none,560,5,10.71 ± 0.17,14.70 ± 0.23,28.1 ± 0.4
pooled,late,4,rnn,none,4983,5,8.39 ± 0.08,12.43 ± 0.06,17.2 ± 0.1
pooled,pre_landfall,4,rnn,none,2107,5,10.78 ± 0.64,14.83 ± 0.95,26.9 ± 2.2
pooled,recovery,4,rnn,none,2553,5,8.25 ± 0.02,12.04 ± 0.06,17.6 ± 0.1
pooled,rolling_all,4,rnn,none,5220,5,9.54 ± 0.25,13.53 ± 0.42,22.5 ± 0.9
pooled,acute,6,rnn,none,2667,5,10.99 ± 0.44,15.13 ± 0.79,27.7 ± 1.8
pooled,all,6,rnn,none,10203,5,9.12 ± 0.08,13.19 ± 0.23,20.2 ± 0.5
pooled,landfall,6,rnn,none,560,5,11.09 ± 0.25,15.38 ± 0.37,29.5 ± 0.6
pooled,late,6,rnn,none,4983,5,8.51 ± 0.10,12.55 ± 0.03,17.4 ± 0.1
pooled,pre_landfall,6,rnn,none,2107,5,10.96 ± 0.57,15.06 ± 0.94,27.2 ± 2.2
pooled,recovery,6,rnn,none,2553,5,8.36 ± 0.11,12.18 ± 0.07,17.8 ± 0.3
pooled,rolling_all,6,rnn,none,5220,5,9.70 ± 0.24,13.77 ± 0.43,22.9 ± 0.9
pretrain_only,acute,1,lstm,airl,2667,5,8.83 ± 0.08,12.85 ± 0.05,23.0 ± 0.4
pretrain_only,all,1,lstm,airl,10203,5,8.30 ± 0.04,12.24 ± 0.02,18.5 ± 0.1
pretrain_only,landfall,1,lstm,airl,560,5,9.73 ± 0.07,13.41 ± 0.15,24.5 ± 0.5
pretrain_only,late,1,lstm,airl,4983,5,8.26 ± 0.06,12.24 ± 0.03,16.9 ± 0.1
pretrain_only,pre_landfall,1,lstm,airl,2107,5,8.59 ± 0.10,12.70 ± 0.04,22.6 ± 0.4
pretrain_only,recovery,1,lstm,airl,2553,5,7.82 ± 0.02,11.55 ± 0.04,16.8 ± 0.1
pretrain_only,rolling_all,1,lstm,airl,5220,5,8.34 ± 0.04,12.23 ± 0.03,19.9 ± 0.2
pretrain_only,acute,2,lstm,airl,2667,5,8.95 ± 0.09,12.97 ± 0.03,23.0 ± 0.3
pretrain_only,all,2,lstm,airl,10203,5,8.41 ± 0.05,12.35 ± 0.02,18.6 ± 0.1
pretrain_only,landfall,2,lstm,airl,560,5,10.08 ± 0.15,13.72 ± 0.19,25.3 ± 0.4
pretrain_only,late,2,lstm,airl,4983,5,8.34 ± 0.07,12.33 ± 0.03,17.1 ± 0.0
pretrain_only,pre_landfall,2,lstm,airl,2107,5,8.66 ± 0.13,12.77 ± 0.08,22.4 ± 0.3
pretrain_only,recovery,2,lstm,airl,2553,5,7.97 ± 0.05,11.72 ± 0.08,17.1 ± 0.2
pretrain_only,rolling_all,2,lstm,airl,5220,5,8.47 ± 0.07,12.38 ± 0.04,20.1 ± 0.2
pretrain_only,acute,4,lstm,airl,2667,5,9.10 ± 0.04,13.24 ± 0.04,23.4 ± 0.4
pretrain_only,all,4,lstm,airl,10203,5,8.50 ± 0.01,12.51 ± 0.02,18.9 ± 0.1
pretrain_only,landfall,4,lstm,airl,560,5,10.40 ± 0.14,14.18 ± 0.17,25.6 ± 0.4
pretrain_only,late,4,lstm,airl,4983,5,8.38 ± 0.02,12.42 ± 0.02,17.2 ± 0.0
pretrain_only,pre_landfall,4,lstm,airl,2107,5,8.75 ± 0.06,12.98 ± 0.07,22.8 ± 0.5
pretrain_only,recovery,4,lstm,airl,2553,5,8.10 ± 0.05,11.89 ± 0.10,17.6 ± 0.3
pretrain_only,rolling_all,4,lstm,airl,5220,5,8.61 ± 0.01,12.60 ± 0.06,20.6 ± 0.3
pretrain_only,acute,6,lstm,airl,2667,5,9.14 ± 0.04,13.30 ± 0.10,23.5 ± 0.3
pretrain_only,all,6,lstm,airl,10203,5,8.58 ± 0.05,12.58 ± 0.05,19.1 ± 0.1
pretrain_only,landfall,6,lstm,airl,560,5,10.43 ± 0.15,14.38 ± 0.24,26.0 ± 0.3
pretrain_only,late,6,lstm,airl,4983,5,8.44 ± 0.05,12.46 ± 0.03,17.3 ± 0.0
pretrain_only,pre_landfall,6,lstm,airl,2107,5,8.80 ± 0.06,13.00 ± 0.07,22.9 ± 0.4
pretrain_only,recovery,6,lstm,airl,2553,5,8.25 ± 0.10,12.03 ± 0.08,18.1 ± 0.2
pretrain_only,rolling_all,6,lstm,airl,5220,5,8.71 ± 0.06,12.70 ± 0.08,20.8 ± 0.2
pretrain_only,acute,1,lstm,none,2667,5,9.03 ± 0.17,13.06 ± 0.10,23.5 ± 0.6
pretrain_only,all,1,lstm,none,10203,5,8.44 ± 0.06,12.36 ± 0.03,18.6 ± 0.2
pretrain_only,landfall,1,lstm,none,560,5,9.88 ± 0.29,13.78 ± 0.39,25.9 ± 1.1
pretrain_only,late,1,lstm,none,4983,5,8.40 ± 0.04,12.32 ± 0.03,16.9 ± 0.0
pretrain_only,pre_landfall,1,lstm,none,2107,5,8.80 ± 0.23,12.86 ± 0.16,22.9 ± 0.5
pretrain_only,recovery,1,lstm,none,2553,5,7.92 ± 0.11,11.65 ± 0.09,16.8 ± 0.3
pretrain_only,rolling_all,1,lstm,none,5220,5,8.49 ± 0.10,12.39 ± 0.07,20.2 ± 0.4
pretrain_only,acute,2,lstm,none,2667,5,9.15 ± 0.10,13.25 ± 0.18,23.6 ± 0.6
pretrain_only,all,2,lstm,none,10203,5,8.53 ± 0.03,12.50 ± 0.07,18.9 ± 0.3
pretrain_only,landfall,2,lstm,none,560,5,10.44 ± 0.35,14.38 ± 0.62,26.9 ± 1.3
pretrain_only,late,2,lstm,none,4983,5,8.40 ± 0.08,12.39 ± 0.03,17.1 ± 0.1
pretrain_only,pre_landfall,2,lstm,none,2107,5,8.81 ± 0.19,12.93 ± 0.12,22.7 ± 0.5
pretrain_only,recovery,2,lstm,none,2553,5,8.13 ± 0.16,11.89 ± 0.15,17.5 ± 0.6
pretrain_only,rolling_all,2,lstm,none,5220,5,8.65 ± 0.05,12.60 ± 0.14,20.6 ± 0.6
pretrain_only,acute,4,lstm,none,2667,5,9.42 ± 0.16,13.61 ± 0.12,24.0 ± 0.5
pretrain_only,all,4,lstm,none,10203,5,8.67 ± 0.08,12.68 ± 0.04,19.1 ± 0.1
pretrain_only,landfall,4,lstm,none,560,5,11.09 ± 0.42,15.19 ± 0.49,27.7 ± 1.0
pretrain_only,late,4,lstm,none,4983,5,8.54 ± 0.13,12.53 ± 0.05,17.2 ± 0.1
pretrain_only,pre_landfall,4,lstm,none,2107,5,8.98 ± 0.23,13.16 ± 0.16,23.0 ± 0.6
pretrain_only,recovery,4,lstm,none,2553,5,8.15 ± 0.06,11.94 ± 0.05,17.6 ± 0.3
pretrain_only,rolling_all,4,lstm,none,5220,5,8.80 ± 0.05,12.82 ± 0.05,20.9 ± 0.2
pretrain_only,acute,6,lstm,none,2667,5,9.45 ± 0.21,13.71 ± 0.23,24.3 ± 0.7
pretrain_only,all,6,lstm,none,10203,5,8.71 ± 0.09,12.76 ± 0.10,19.3 ± 0.3
pretrain_only,landfall,6,lstm,none,560,5,11.28 ± 0.38,15.57 ± 0.57,29.0 ± 1.0
pretrain_only,late,6,lstm,none,4983,5,8.52 ± 0.06,12.55 ± 0.02,17.3 ± 0.0
pretrain_only,pre_landfall,6,lstm,none,2107,5,8.97 ± 0.22,13.17 ± 0.19,23.1 ± 0.6
pretrain_only,recovery,6,lstm,none,2553,5,8.33 ± 0.20,12.11 ± 0.20,18.1 ± 0.6
pretrain_only,rolling_all,6,lstm,none,5220,5,8.90 ± 0.19,12.95 ± 0.20,21.3 ± 0.6
