phase,model,cond,n,n_light,n_heavy,accuracy,macro_F1,F1_congested,PR_AUC,recall_light,recall_heavy
acute,knn,airl,159,8,2,0.937 ± 0.000,0.323 ± 0.000,0.000 ± 0.000,0.069 ± 0.002,0.0,0.0
all,knn,airl,583,9,4,0.978 ± 0.000,0.330 ± 0.000,0.000 ± 0.000,0.030 ± 0.001,0.0,0.0
landfall,knn,airl,36,5,1,0.833 ± 0.000,0.303 ± 0.000,0.000 ± 0.000,0.179 ± 0.008,0.0,0.0
late,knn,airl,285,0,1,0.996 ± 0.000,0.499 ± 0.000,0.000 ± 0.000,0.050 ± 0.008,0.0,0.0
pre_landfall,knn,airl,123,3,1,0.967 ± 0.000,0.328 ± 0.000,0.000 ± 0.000,0.050 ± 0.005,0.0,0.0
recovery,knn,airl,139,1,1,0.986 ± 0.000,0.331 ± 0.000,0.000 ± 0.000,0.014 ± 0.000,0.0,0.0
rolling_all,knn,airl,298,9,3,0.960 ± 0.000,0.326 ± 0.000,0.000 ± 0.000,0.044 ± 0.001,0.0,0.0
acute,knn,airl_H,159,8,2,0.937 ± 0.000,0.323 ± 0.000,0.000 ± 0.000,0.071 ± 0.001,0.0,0.0
all,knn,airl_H,583,9,4,0.978 ± 0.000,0.330 ± 0.000,0.000 ± 0.000,0.031 ± 0.001,0.0,0.0
landfall,knn,airl_H,36,5,1,0.833 ± 0.000,0.303 ± 0.000,0.000 ± 0.000,0.241 ± 0.003,0.0,0.0
late,knn,airl_H,285,0,1,0.996 ± 0.000,0.499 ± 0.000,0.000 ± 0.000,0.047 ± 0.006,0.0,0.0
pre_landfall,knn,airl_H,123,3,1,0.967 ± 0.000,0.328 ± 0.000,0.000 ± 0.000,0.043 ± 0.004,0.0,0.0
recovery,knn,airl_H,139,1,1,0.986 ± 0.000,0.331 ± 0.000,0.000 ± 0.000,0.014 ± 0.000,0.0,0.0
rolling_all,knn,airl_H,298,9,3,0.960 ± 0.000,0.326 ± 0.000,0.000 ± 0.000,0.046 ± 0.001,0.0,0.0
acute,knn,airl_P,159,8,2,0.937 ± 0.000,0.323 ± 0.000,0.000 ± 0.000,0.073 ± 0.005,0.0,0.0
all,knn,airl_P,583,9,4,0.978 ± 0.000,0.330 ± 0.000,0.000 ± 0.000,0.032 ± 0.002,0.0,0.0
landfall,knn,airl_P,36,5,1,0.833 ± 0.000,0.303 ± 0.000,0.000 ± 0.000,0.228 ± 0.031,0.0,0.0
late,knn,airl_P,285,0,1,0.996 ± 0.000,0.499 ± 0.000,0.000 ± 0.000,0.053 ± 0.011,0.0,0.0
pre_landfall,knn,airl_P,123,3,1,0.967 ± 0.000,0.328 ± 0.000,0.000 ± 0.000,0.046 ± 0.006,0.0,0.0
recovery,knn,airl_P,139,1,1,0.986 ± 0.000,0.331 ± 0.000,0.000 ± 0.000,0.014 ± 0.000,0.0,0.0
rolling_all,knn,airl_P,298,9,3,0.960 ± 0.000,0.326 ± 0.000,0.000 ± 0.000,0.047 ± 0.002,0.0,0.0
acute,knn,bc,159,8,2,0.937 ± 0.000,0.323 ± 0.000,0.000 ± 0.000,0.075 ± 0.002,0.0,0.0
all,knn,bc,583,9,4,0.978 ± 0.000,0.330 ± 0.000,0.000 ± 0.000,0.030 ± 0.003,0.0,0.0
landfall,knn,bc,36,5,1,0.833 ± 0.000,0.303 ± 0.000,0.000 ± 0.000,0.225 ± 0.020,0.0,0.0
late,knn,bc,285,0,1,0.996 ± 0.000,0.499 ± 0.000,0.000 ± 0.000,0.027 ± 0.022,0.0,0.0
pre_landfall,knn,bc,123,3,1,0.967 ± 0.000,0.328 ± 0.000,0.000 ± 0.000,0.047 ± 0.002,0.0,0.0
recovery,knn,bc,139,1,1,0.986 ± 0.000,0.331 ± 0.000,0.000 ± 0.000,0.014 ± 0.000,0.0,0.0
rolling_all,knn,bc,298,9,3,0.960 ± 0.000,0.326 ± 0.000,0.000 ± 0.000,0.047 ± 0.001,0.0,0.0
acute,knn,empirical,159,8,2,0.937 ± 0.000,0.323 ± 0.000,0.000 ± 0.000,0.091 ± 0.000,0.0,0.0
all,knn,empirical,583,9,4,0.978 ± 0.000,0.330 ± 0.000,0.000 ± 0.000,0.033 ± 0.000,0.0,0.0
landfall,knn,empirical,36,5,1,0.833 ± 0.000,0.303 ± 0.000,0.000 ± 0.000,0.236 ± 0.000,0.0,0.0
late,knn,empirical,285,0,1,0.996 ± 0.000,0.499 ± 0.000,0.000 ± 0.000,0.031 ± 0.000,0.0,0.0
pre_landfall,knn,empirical,123,3,1,0.967 ± 0.000,0.328 ± 0.000,0.000 ± 0.000,0.045 ± 0.000,0.0,0.0
recovery,knn,empirical,139,1,1,0.986 ± 0.000,0.331 ± 0.000,0.000 ± 0.000,0.014 ± 0.000,0.0,0.0
rolling_all,knn,empirical,298,9,3,0.960 ± 0.000,0.326 ± 0.000,0.000 ± 0.000,0.056 ± 0.000,0.0,0.0
acute,knn,logit,159,8,2,0.937 ± 0.000,0.323 ± 0.000,0.000 ± 0.000,0.166 ± 0.026,0.0,0.0
all,knn,logit,583,9,4,0.978 ± 0.000,0.330 ± 0.000,0.000 ± 0.000,0.069 ± 0.025,0.0,0.0
landfall,knn,logit,36,5,1,0.833 ± 0.000,0.303 ± 0.000,0.000 ± 0.000,0.346 ± 0.036,0.0,0.0
late,knn,logit,285,0,1,0.996 ± 0.000,0.499 ± 0.000,0.000 ± 0.000,0.053 ± 0.001,0.0,0.0
pre_landfall,knn,logit,123,3,1,0.967 ± 0.000,0.328 ± 0.000,0.000 ± 0.000,0.041 ± 0.001,0.0,0.0
recovery,knn,logit,139,1,1,0.986 ± 0.000,0.331 ± 0.000,0.000 ± 0.000,0.014 ± 0.000,0.0,0.0
rolling_all,knn,logit,298,9,3,0.960 ± 0.000,0.326 ± 0.000,0.000 ± 0.000,0.097 ± 0.020,0.0,0.0
acute,knn,none,159,8,2,0.937 ± 0.000,0.323 ± 0.000,0.000 ± 0.000,0.180 ± 0.000,0.0,0.0
all,knn,none,583,9,4,0.978 ± 0.000,0.330 ± 0.000,0.000 ± 0.000,0.057 ± 0.000,0.0,0.0
landfall,knn,none,36,5,1,0.833 ± 0.000,0.303 ± 0.000,0.000 ± 0.000,0.367 ± 0.000,0.0,0.0
late,knn,none,285,0,1,0.996 ± 0.000,0.499 ± 0.000,0.000 ± 0.000,0.048 ± 0.000,0.0,0.0
pre_landfall,knn,none,123,3,1,0.967 ± 0.000,0.328 ± 0.000,0.000 ± 0.000,0.038 ± 0.000,0.0,0.0
recovery,knn,none,139,1,1,0.986 ± 0.000,0.331 ± 0.000,0.000 ± 0.000,0.014 ± 0.000,0.0,0.0
rolling_all,knn,none,298,9,3,0.960 ± 0.000,0.326 ± 0.000,0.000 ± 0.000,0.095 ± 0.000,0.0,0.0
acute,knn,route_id,159,8,2,0.937 ± 0.000,0.323 ± 0.000,0.000 ± 0.000,0.068 ± 0.000,0.0,0.0
all,knn,route_id,583,9,4,0.978 ± 0.000,0.330 ± 0.000,0.000 ± 0.000,0.029 ± 0.000,0.0,0.0
landfall,knn,route_id,36,5,1,0.833 ± 0.000,0.303 ± 0.000,0.000 ± 0.000,0.306 ± 0.000,0.0,0.0
late,knn,route_id,285,0,1,0.996 ± 0.000,0.499 ± 0.000,0.000 ± 0.000,0.045 ± 0.000,0.0,0.0
pre_landfall,knn,route_id,123,3,1,0.967 ± 0.000,0.328 ± 0.000,0.000 ± 0.000,0.047 ± 0.000,0.0,0.0
recovery,knn,route_id,139,1,1,0.986 ± 0.000,0.331 ± 0.000,0.000 ± 0.000,0.014 ± 0.000,0.0,0.0
rolling_all,knn,route_id,298,9,3,0.960 ± 0.000,0.326 ± 0.000,0.000 ± 0.000,0.045 ± 0.000,0.0,0.0
acute,knn,route_id+airl,159,8,2,0.937 ± 0.000,0.323 ± 0.000,0.000 ± 0.000,0.064 ± 0.002,0.0,0.0
all,knn,route_id+airl,583,9,4,0.978 ± 0.000,0.330 ± 0.000,0.000 ± 0.000,0.027 ± 0.001,0.0,0.0
landfall,knn,route_id+airl,36,5,1,0.833 ± 0.000,0.303 ± 0.000,0.000 ± 0.000,0.160 ± 0.003,0.0,0.0
late,knn,route_id+airl,285,0,1,0.996 ± 0.000,0.499 ± 0.000,0.000 ± 0.000,0.048 ± 0.007,0.0,0.0
pre_landfall,knn,route_id+airl,123,3,1,0.967 ± 0.000,0.328 ± 0.000,0.000 ± 0.000,0.054 ± 0.007,0.0,0.0
recovery,knn,route_id+airl,139,1,1,0.986 ± 0.000,0.331 ± 0.000,0.000 ± 0.000,0.014 ± 0.000,0.0,0.0
rolling_all,knn,route_id+airl,298,9,3,0.960 ± 0.000,0.326 ± 0.000,0.000 ± 0.000,0.041 ± 0.001,0.0,0.0
acute,knn,route_id+bc,159,8,2,0.937 ± 0.000,0.323 ± 0.000,0.000 ± 0.000,0.067 ± 0.003,0.0,0.0
all,knn,route_id+bc,583,9,4,0.978 ± 0.000,0.330 ± 0.000,0.000 ± 0.000,0.027 ± 0.002,0.0,0.0
landfall,knn,route_id+bc,36,5,1,0.833 ± 0.000,0.303 ± 0.000,0.000 ± 0.000,0.247 ± 0.080,0.0,0.0
late,knn,route_id+bc,285,0,1,0.996 ± 0.000,0.499 ± 0.000,0.000 ± 0.000,0.027 ± 0.021,0.0,0.0
pre_landfall,knn,route_id+bc,123,3,1,0.967 ± 0.000,0.328 ± 0.000,0.000 ± 0.000,0.048 ± 0.002,0.0,0.0
recovery,knn,route_id+bc,139,1,1,0.986 ± 0.000,0.331 ± 0.000,0.000 ± 0.000,0.014 ± 0.000,0.0,0.0
rolling_all,knn,route_id+bc,298,9,3,0.960 ± 0.000,0.326 ± 0.000,0.000 ± 0.000,0.043 ± 0.002,0.0,0.0
acute,knn,route_id+empirical,159,8,2,0.937 ± 0.000,0.323 ± 0.000,0.000 ± 0.000,0.095 ± 0.000,0.0,0.0
all,knn,route_id+empirical,583,9,4,0.978 ± 0.000,0.330 ± 0.000,0.000 ± 0.000,0.030 ± 0.000,0.0,0.0
landfall,knn,route_id+empirical,36,5,1,0.833 ± 0.000,0.303 ± 0.000,0.000 ± 0.000,0.306 ± 0.000,0.0,0.0
late,knn,route_id+empirical,285,0,1,0.996 ± 0.000,0.499 ± 0.000,0.000 ± 0.000,0.031 ± 0.000,0.0,0.0
pre_landfall,knn,route_id+empirical,123,3,1,0.967 ± 0.000,0.328 ± 0.000,0.000 ± 0.000,0.048 ± 0.000,0.0,0.0
recovery,knn,route_id+empirical,139,1,1,0.986 ± 0.000,0.331 ± 0.000,0.000 ± 0.000,0.014 ± 0.000,0.0,0.0
rolling_all,knn,route_id+empirical,298,9,3,0.960 ± 0.000,0.326 ± 0.000,0.000 ± 0.000,0.054 ± 0.000,0.0,0.0
acute,knn,topology,159,8,2,0.937 ± 0.000,0.323 ± 0.000,0.000 ± 0.000,0.097 ± 0.000,0.0,0.0
all,knn,topology,583,9,4,0.978 ± 0.000,0.330 ± 0.000,0.000 ± 0.000,0.035 ± 0.000,0.0,0.0
landfall,knn,topology,36,5,1,0.833 ± 0.000,0.303 ± 0.000,0.000 ± 0.000,0.236 ± 0.000,0.0,0.0
late,knn,topology,285,0,1,0.996 ± 0.000,0.499 ± 0.000,0.000 ± 0.000,0.043 ± 0.000,0.0,0.0
pre_landfall,knn,topology,123,3,1,0.967 ± 0.000,0.328 ± 0.000,0.000 ± 0.000,0.042 ± 0.000,0.0,0.0
recovery,knn,topology,139,1,1,0.986 ± 0.000,0.331 ± 0.000,0.000 ± 0.000,0.014 ± 0.000,0.0,0.0
rolling_all,knn,topology,298,9,3,0.960 ± 0.000,0.326 ± 0.000,0.000 ± 0.000,0.059 ± 0.000,0.0,0.0
acute,mlp,airl,159,8,2,0.935 ± 0.003,0.322 ± 0.001,0.000 ± 0.000,0.135 ± 0.024,0.0,0.0
all,mlp,airl,583,9,4,0.976 ± 0.001,0.329 ± 0.000,0.000 ± 0.000,0.031 ± 0.005,0.0,0.0
landfall,mlp,airl,36,5,1,0.833 ± 0.000,0.303 ± 0.000,0.000 ± 0.000,0.306 ± 0.101,0.0,0.0
late,mlp,airl,285,0,1,0.994 ± 0.002,0.499 ± 0.000,0.000 ± 0.000,0.014 ± 0.002,0.0,0.0
pre_landfall,mlp,airl,123,3,1,0.964 ± 0.004,0.327 ± 0.001,0.000 ± 0.000,0.096 ± 0.024,0.0,0.0
recovery,mlp,airl,139,1,1,0.984 ± 0.003,0.331 ± 0.001,0.000 ± 0.000,0.015 ± 0.002,0.0,0.0
rolling_all,mlp,airl,298,9,3,0.958 ± 0.002,0.326 ± 0.000,0.000 ± 0.000,0.047 ± 0.010,0.0,0.0
acute,mlp,airl_H,159,8,2,0.930 ± 0.008,0.321 ± 0.001,0.000 ± 0.000,0.148 ± 0.027,0.0,0.0
all,mlp,airl_H,583,9,4,0.974 ± 0.003,0.329 ± 0.000,0.000 ± 0.000,0.043 ± 0.013,0.0,0.0
landfall,mlp,airl_H,36,5,1,0.833 ± 0.000,0.303 ± 0.000,0.000 ± 0.000,0.412 ± 0.117,0.0,0.0
late,mlp,airl_H,285,0,1,0.994 ± 0.003,0.498 ± 0.001,0.000 ± 0.000,0.016 ± 0.006,0.0,0.0
pre_landfall,mlp,airl_H,123,3,1,0.958 ± 0.011,0.326 ± 0.002,0.000 ± 0.000,0.093 ± 0.014,0.0,0.0
recovery,mlp,airl_H,139,1,1,0.986 ± 0.000,0.331 ± 0.000,0.000 ± 0.000,0.014 ± 0.002,0.0,0.0
rolling_all,mlp,airl_H,298,9,3,0.956 ± 0.004,0.326 ± 0.001,0.000 ± 0.000,0.071 ± 0.027,0.0,0.0
acute,mlp,airl_P,159,8,2,0.935 ± 0.006,0.322 ± 0.001,0.000 ± 0.000,0.158 ± 0.025,0.0,0.0
all,mlp,airl_P,583,9,4,0.977 ± 0.002,0.329 ± 0.000,0.000 ± 0.000,0.042 ± 0.016,0.0,0.0
landfall,mlp,airl_P,36,5,1,0.833 ± 0.000,0.303 ± 0.000,0.000 ± 0.000,0.392 ± 0.065,0.0,0.0
late,mlp,airl_P,285,0,1,0.996 ± 0.002,0.499 ± 0.000,0.000 ± 0.000,0.014 ± 0.004,0.0,0.0
pre_landfall,mlp,airl_P,123,3,1,0.964 ± 0.007,0.327 ± 0.001,0.000 ± 0.000,0.090 ± 0.012,0.0,0.0
recovery,mlp,airl_P,139,1,1,0.986 ± 0.000,0.331 ± 0.000,0.000 ± 0.000,0.013 ± 0.001,0.0,0.0
rolling_all,mlp,airl_P,298,9,3,0.958 ± 0.003,0.326 ± 0.001,0.000 ± 0.000,0.064 ± 0.026,0.0,0.0
acute,mlp,bc,159,8,2,0.935 ± 0.003,0.322 ± 0.001,0.000 ± 0.000,0.146 ± 0.019,0.0,0.0
all,mlp,bc,583,9,4,0.976 ± 0.000,0.329 ± 0.000,0.000 ± 0.000,0.033 ± 0.007,0.0,0.0
landfall,mlp,bc,36,5,1,0.833 ± 0.000,0.303 ± 0.000,0.000 ± 0.000,0.342 ± 0.090,0.0,0.0
late,mlp,bc,285,0,1,0.994 ± 0.002,0.499 ± 0.000,0.000 ± 0.000,0.014 ± 0.002,0.0,0.0
pre_landfall,mlp,bc,123,3,1,0.964 ± 0.004,0.327 ± 0.001,0.000 ± 0.000,0.098 ± 0.019,0.0,0.0
recovery,mlp,bc,139,1,1,0.986 ± 0.000,0.331 ± 0.000,0.000 ± 0.000,0.014 ± 0.002,0.0,0.0
rolling_all,mlp,bc,298,9,3,0.958 ± 0.002,0.326 ± 0.000,0.000 ± 0.000,0.050 ± 0.014,0.0,0.0
acute,mlp,empirical,159,8,2,0.933 ± 0.006,0.322 ± 0.001,0.000 ± 0.000,0.139 ± 0.020,0.0,0.0
all,mlp,empirical,583,9,4,0.975 ± 0.001,0.329 ± 0.000,0.000 ± 0.000,0.032 ± 0.005,0.0,0.0
landfall,mlp,empirical,36,5,1,0.833 ± 0.000,0.303 ± 0.000,0.000 ± 0.000,0.333 ± 0.104,0.0,0.0
late,mlp,empirical,285,0,1,0.994 ± 0.003,0.498 ± 0.001,0.000 ± 0.000,0.013 ± 0.001,0.0,0.0
pre_landfall,mlp,empirical,123,3,1,0.963 ± 0.007,0.327 ± 0.001,0.000 ± 0.000,0.100 ± 0.014,0.0,0.0
recovery,mlp,empirical,139,1,1,0.986 ± 0.000,0.331 ± 0.000,0.000 ± 0.000,0.016 ± 0.004,0.0,0.0
rolling_all,mlp,empirical,298,9,3,0.958 ± 0.003,0.326 ± 0.001,0.000 ± 0.000,0.046 ± 0.009,0.0,0.0
acute,mlp,logit,159,8,2,0.935 ± 0.003,0.335 ± 0.030,0.033 ± 0.075,0.176 ± 0.045,0.025,0.0
all,mlp,logit,583,9,4,0.975 ± 0.002,0.341 ± 0.027,0.027 ± 0.060,0.059 ± 0.033,0.0222222222222222,0.0
landfall,mlp,logit,36,5,1,0.839 ± 0.012,0.326 ± 0.052,0.057 ± 0.128,0.361 ± 0.044,0.04,0.0
late,mlp,logit,285,0,1,0.992 ± 0.003,0.498 ± 0.001,0.000 ± 0.000,0.013 ± 0.001,0.0,0.0
pre_landfall,mlp,logit,123,3,1,0.963 ± 0.004,0.327 ± 0.001,0.000 ± 0.000,0.073 ± 0.015,0.0,0.0
recovery,mlp,logit,139,1,1,0.986 ± 0.000,0.331 ± 0.000,0.000 ± 0.000,0.015 ± 0.002,0.0,0.0
rolling_all,mlp,logit,298,9,3,0.958 ± 0.002,0.338 ± 0.027,0.029 ± 0.064,0.101 ± 0.042,0.0222222222222222,0.0
acute,mlp,none,159,8,2,0.936 ± 0.003,0.336 ± 0.030,0.033 ± 0.075,0.247 ± 0.067,0.025,0.0
all,mlp,none,583,9,4,0.976 ± 0.002,0.340 ± 0.025,0.025 ± 0.056,0.081 ± 0.028,0.0222222222222222,0.0
landfall,mlp,none,36,5,1,0.839 ± 0.012,0.326 ± 0.052,0.057 ± 0.128,0.506 ± 0.108,0.04,0.0
late,mlp,none,285,0,1,0.993 ± 0.002,0.498 ± 0.001,0.000 ± 0.000,0.019 ± 0.007,0.0,0.0
pre_landfall,mlp,none,123,3,1,0.964 ± 0.004,0.327 ± 0.001,0.000 ± 0.000,0.081 ± 0.012,0.0,0.0
recovery,mlp,none,139,1,1,0.986 ± 0.000,0.331 ± 0.000,0.000 ± 0.000,0.014 ± 0.001,0.0,0.0
rolling_all,mlp,none,298,9,3,0.959 ± 0.002,0.338 ± 0.027,0.029 ± 0.064,0.157 ± 0.054,0.0222222222222222,0.0
acute,mlp,route_id,159,8,2,0.932 ± 0.007,0.322 ± 0.001,0.000 ± 0.000,0.111 ± 0.013,0.0,0.0
all,mlp,route_id,583,9,4,0.976 ± 0.001,0.329 ± 0.000,0.000 ± 0.000,0.029 ± 0.004,0.0,0.0
landfall,mlp,route_id,36,5,1,0.833 ± 0.000,0.303 ± 0.000,0.000 ± 0.000,0.192 ± 0.058,0.0,0.0
late,mlp,route_id,285,0,1,0.995 ± 0.002,0.499 ± 0.000,0.000 ± 0.000,0.013 ± 0.002,0.0,0.0
pre_landfall,mlp,route_id,123,3,1,0.961 ± 0.009,0.327 ± 0.002,0.000 ± 0.000,0.104 ± 0.018,0.0,0.0
recovery,mlp,route_id,139,1,1,0.986 ± 0.000,0.331 ± 0.000,0.000 ± 0.000,0.016 ± 0.004,0.0,0.0
rolling_all,mlp,route_id,298,9,3,0.957 ± 0.004,0.326 ± 0.001,0.000 ± 0.000,0.041 ± 0.005,0.0,0.0
acute,mlp,route_id+airl,159,8,2,0.933 ± 0.003,0.322 ± 0.001,0.000 ± 0.000,0.105 ± 0.016,0.0,0.0
all,mlp,route_id+airl,583,9,4,0.976 ± 0.001,0.329 ± 0.000,0.000 ± 0.000,0.031 ± 0.006,0.0,0.0
landfall,mlp,route_id+airl,36,5,1,0.833 ± 0.000,0.303 ± 0.000,0.000 ± 0.000,0.184 ± 0.070,0.0,0.0
late,mlp,route_id+airl,285,0,1,0.996 ± 0.002,0.499 ± 0.000,0.000 ± 0.000,0.012 ± 0.002,0.0,0.0
pre_landfall,mlp,route_id+airl,123,3,1,0.963 ± 0.004,0.327 ± 0.001,0.000 ± 0.000,0.117 ± 0.016,0.0,0.0
recovery,mlp,route_id+airl,139,1,1,0.986 ± 0.000,0.331 ± 0.000,0.000 ± 0.000,0.018 ± 0.007,0.0,0.0
rolling_all,mlp,route_id+airl,298,9,3,0.958 ± 0.002,0.326 ± 0.000,0.000 ± 0.000,0.046 ± 0.012,0.0,0.0
acute,mlp,route_id+bc,159,8,2,0.933 ± 0.003,0.322 ± 0.001,0.000 ± 0.000,0.106 ± 0.010,0.0,0.0
all,mlp,route_id+bc,583,9,4,0.976 ± 0.002,0.329 ± 0.000,0.000 ± 0.000,0.032 ± 0.005,0.0,0.0
landfall,mlp,route_id+bc,36,5,1,0.833 ± 0.000,0.303 ± 0.000,0.000 ± 0.000,0.193 ± 0.064,0.0,0.0
late,mlp,route_id+bc,285,0,1,0.994 ± 0.003,0.499 ± 0.001,0.000 ± 0.000,0.012 ± 0.001,0.0,0.0
pre_landfall,mlp,route_id+bc,123,3,1,0.963 ± 0.004,0.327 ± 0.001,0.000 ± 0.000,0.108 ± 0.008,0.0,0.0
recovery,mlp,route_id+bc,139,1,1,0.986 ± 0.000,0.331 ± 0.000,0.000 ± 0.000,0.019 ± 0.007,0.0,0.0
rolling_all,mlp,route_id+bc,298,9,3,0.958 ± 0.002,0.326 ± 0.000,0.000 ± 0.000,0.047 ± 0.010,0.0,0.0
acute,mlp,route_id+empirical,159,8,2,0.933 ± 0.003,0.322 ± 0.001,0.000 ± 0.000,0.101 ± 0.015,0.0,0.0
all,mlp,route_id+empirical,583,9,4,0.976 ± 0.001,0.329 ± 0.000,0.000 ± 0.000,0.030 ± 0.004,0.0,0.0
landfall,mlp,route_id+empirical,36,5,1,0.833 ± 0.000,0.303 ± 0.000,0.000 ± 0.000,0.190 ± 0.072,0.0,0.0
late,mlp,route_id+empirical,285,0,1,0.996 ± 0.002,0.499 ± 0.000,0.000 ± 0.000,0.011 ± 0.002,0.0,0.0
pre_landfall,mlp,route_id+empirical,123,3,1,0.963 ± 0.004,0.327 ± 0.001,0.000 ± 0.000,0.107 ± 0.010,0.0,0.0
recovery,mlp,route_id+empirical,139,1,1,0.986 ± 0.000,0.331 ± 0.000,0.000 ± 0.000,0.020 ± 0.009,0.0,0.0
rolling_all,mlp,route_id+empirical,298,9,3,0.958 ± 0.002,0.326 ± 0.000,0.000 ± 0.000,0.045 ± 0.009,0.0,0.0
acute,mlp,topology,159,8,2,0.930 ± 0.008,0.321 ± 0.001,0.000 ± 0.000,0.139 ± 0.022,0.0,0.0
all,mlp,topology,583,9,4,0.975 ± 0.002,0.329 ± 0.000,0.000 ± 0.000,0.041 ± 0.012,0.0,0.0
landfall,mlp,topology,36,5,1,0.833 ± 0.000,0.303 ± 0.000,0.000 ± 0.000,0.356 ± 0.086,0.0,0.0
late,mlp,topology,285,0,1,0.995 ± 0.002,0.499 ± 0.000,0.000 ± 0.000,0.015 ± 0.005,0.0,0.0
pre_landfall,mlp,topology,123,3,1,0.958 ± 0.011,0.326 ± 0.002,0.000 ± 0.000,0.086 ± 0.011,0.0,0.0
recovery,mlp,topology,139,1,1,0.986 ± 0.000,0.331 ± 0.000,0.000 ± 0.000,0.014 ± 0.002,0.0,0.0
rolling_all,mlp,topology,298,9,3,0.956 ± 0.004,0.326 ± 0.001,0.000 ± 0.000,0.064 ± 0.024,0.0,0.0
acute,svm,airl,159,8,2,0.936 ± 0.003,0.322 ± 0.001,0.000 ± 0.000,0.093 ± 0.007,0.0,0.0
all,svm,airl,583,9,4,0.977 ± 0.001,0.330 ± 0.000,0.000 ± 0.000,0.031 ± 0.001,0.0,0.0
landfall,svm,airl,36,5,1,0.828 ± 0.012,0.302 ± 0.003,0.000 ± 0.000,0.230 ± 0.017,0.0,0.0
late,svm,airl,285,0,1,0.996 ± 0.000,0.499 ± 0.000,0.000 ± 0.000,0.012 ± 0.003,0.0,0.0
pre_landfall,svm,airl,123,3,1,0.967 ± 0.000,0.328 ± 0.000,0.000 ± 0.000,0.050 ± 0.005,0.0,0.0
recovery,svm,airl,139,1,1,0.986 ± 0.000,0.331 ± 0.000,0.000 ± 0.000,0.015 ± 0.001,0.0,0.0
rolling_all,svm,airl,298,9,3,0.959 ± 0.002,0.326 ± 0.000,0.000 ± 0.000,0.050 ± 0.003,0.0,0.0
acute,svm,airl_H,159,8,2,0.935 ± 0.003,0.322 ± 0.001,0.000 ± 0.000,0.093 ± 0.006,0.0,0.0
all,svm,airl_H,583,9,4,0.977 ± 0.001,0.329 ± 0.000,0.000 ± 0.000,0.029 ± 0.001,0.0,0.0
landfall,svm,airl_H,36,5,1,0.822 ± 0.015,0.301 ± 0.003,0.000 ± 0.000,0.201 ± 0.012,0.0,0.0
late,svm,airl_H,285,0,1,0.996 ± 0.000,0.499 ± 0.000,0.000 ± 0.000,0.012 ± 0.003,0.0,0.0
pre_landfall,svm,airl_H,123,3,1,0.967 ± 0.000,0.328 ± 0.000,0.000 ± 0.000,0.064 ± 0.011,0.0,0.0
recovery,svm,airl_H,139,1,1,0.986 ± 0.000,0.331 ± 0.000,0.000 ± 0.000,0.015 ± 0.000,0.0,0.0
rolling_all,svm,airl_H,298,9,3,0.958 ± 0.002,0.326 ± 0.000,0.000 ± 0.000,0.047 ± 0.002,0.0,0.0
acute,svm,airl_P,159,8,2,0.935 ± 0.003,0.322 ± 0.001,0.000 ± 0.000,0.094 ± 0.006,0.0,0.0
all,svm,airl_P,583,9,4,0.977 ± 0.001,0.329 ± 0.000,0.000 ± 0.000,0.030 ± 0.001,0.0,0.0
landfall,svm,airl_P,36,5,1,0.822 ± 0.015,0.301 ± 0.003,0.000 ± 0.000,0.209 ± 0.015,0.0,0.0
late,svm,airl_P,285,0,1,0.996 ± 0.000,0.499 ± 0.000,0.000 ± 0.000,0.018 ± 0.007,0.0,0.0
pre_landfall,svm,airl_P,123,3,1,0.967 ± 0.000,0.328 ± 0.000,0.000 ± 0.000,0.058 ± 0.006,0.0,0.0
recovery,svm,airl_P,139,1,1,0.986 ± 0.000,0.331 ± 0.000,0.000 ± 0.000,0.014 ± 0.000,0.0,0.0
rolling_all,svm,airl_P,298,9,3,0.958 ± 0.002,0.326 ± 0.000,0.000 ± 0.000,0.048 ± 0.003,0.0,0.0
acute,svm,bc,159,8,2,0.937 ± 0.000,0.323 ± 0.000,0.000 ± 0.000,0.090 ± 0.005,0.0,0.0
all,svm,bc,583,9,4,0.978 ± 0.000,0.330 ± 0.000,0.000 ± 0.000,0.028 ± 0.002,0.0,0.0
landfall,svm,bc,36,5,1,0.833 ± 0.000,0.303 ± 0.000,0.000 ± 0.000,0.196 ± 0.021,0.0,0.0
late,svm,bc,285,0,1,0.996 ± 0.000,0.499 ± 0.000,0.000 ± 0.000,0.012 ± 0.006,0.0,0.0
pre_landfall,svm,bc,123,3,1,0.967 ± 0.000,0.328 ± 0.000,0.000 ± 0.000,0.067 ± 0.010,0.0,0.0
recovery,svm,bc,139,1,1,0.986 ± 0.000,0.331 ± 0.000,0.000 ± 0.000,0.014 ± 0.000,0.0,0.0
rolling_all,svm,bc,298,9,3,0.960 ± 0.000,0.326 ± 0.000,0.000 ± 0.000,0.046 ± 0.003,0.0,0.0
acute,svm,empirical,159,8,2,0.937 ± 0.000,0.323 ± 0.000,0.000 ± 0.000,0.089 ± 0.005,0.0,0.0
all,svm,empirical,583,9,4,0.978 ± 0.000,0.330 ± 0.000,0.000 ± 0.000,0.027 ± 0.001,0.0,0.0
landfall,svm,empirical,36,5,1,0.833 ± 0.000,0.303 ± 0.000,0.000 ± 0.000,0.198 ± 0.003,0.0,0.0
late,svm,empirical,285,0,1,0.996 ± 0.000,0.499 ± 0.000,0.000 ± 0.000,0.007 ± 0.000,0.0,0.0
pre_landfall,svm,empirical,123,3,1,0.967 ± 0.000,0.328 ± 0.000,0.000 ± 0.000,0.071 ± 0.010,0.0,0.0
recovery,svm,empirical,139,1,1,0.986 ± 0.000,0.331 ± 0.000,0.000 ± 0.000,0.014 ± 0.000,0.0,0.0
rolling_all,svm,empirical,298,9,3,0.960 ± 0.000,0.326 ± 0.000,0.000 ± 0.000,0.046 ± 0.001,0.0,0.0
acute,svm,logit,159,8,2,0.935 ± 0.003,0.322 ± 0.001,0.000 ± 0.000,0.115 ± 0.010,0.0,0.0
all,svm,logit,583,9,4,0.977 ± 0.001,0.329 ± 0.000,0.000 ± 0.000,0.055 ± 0.010,0.0,0.0
landfall,svm,logit,36,5,1,0.822 ± 0.015,0.301 ± 0.003,0.000 ± 0.000,0.248 ± 0.013,0.0,0.0
late,svm,logit,285,0,1,0.996 ± 0.000,0.499 ± 0.000,0.000 ± 0.000,0.009 ± 0.001,0.0,0.0
pre_landfall,svm,logit,123,3,1,0.967 ± 0.000,0.328 ± 0.000,0.000 ± 0.000,0.052 ± 0.005,0.0,0.0
recovery,svm,logit,139,1,1,0.986 ± 0.000,0.331 ± 0.000,0.000 ± 0.000,0.014 ± 0.000,0.0,0.0
rolling_all,svm,logit,298,9,3,0.958 ± 0.002,0.326 ± 0.000,0.000 ± 0.000,0.075 ± 0.009,0.0,0.0
acute,svm,none,159,8,2,0.935 ± 0.003,0.322 ± 0.001,0.000 ± 0.000,0.113 ± 0.008,0.0,0.0
all,svm,none,583,9,4,0.977 ± 0.001,0.329 ± 0.000,0.000 ± 0.000,0.050 ± 0.008,0.0,0.0
landfall,svm,none,36,5,1,0.822 ± 0.015,0.301 ± 0.003,0.000 ± 0.000,0.217 ± 0.019,0.0,0.0
late,svm,none,285,0,1,0.996 ± 0.000,0.499 ± 0.000,0.000 ± 0.000,0.016 ± 0.008,0.0,0.0
pre_landfall,svm,none,123,3,1,0.967 ± 0.000,0.328 ± 0.000,0.000 ± 0.000,0.056 ± 0.005,0.0,0.0
recovery,svm,none,139,1,1,0.986 ± 0.000,0.331 ± 0.000,0.000 ± 0.000,0.014 ± 0.000,0.0,0.0
rolling_all,svm,none,298,9,3,0.958 ± 0.002,0.326 ± 0.000,0.000 ± 0.000,0.068 ± 0.009,0.0,0.0
acute,svm,route_id,159,8,2,0.937 ± 0.000,0.323 ± 0.000,0.000 ± 0.000,0.081 ± 0.005,0.0,0.0
all,svm,route_id,583,9,4,0.978 ± 0.000,0.330 ± 0.000,0.000 ± 0.000,0.028 ± 0.001,0.0,0.0
landfall,svm,route_id,36,5,1,0.833 ± 0.000,0.303 ± 0.000,0.000 ± 0.000,0.165 ± 0.001,0.0,0.0
late,svm,route_id,285,0,1,0.996 ± 0.000,0.499 ± 0.000,0.000 ± 0.000,0.015 ± 0.008,0.0,0.0
pre_landfall,svm,route_id,123,3,1,0.967 ± 0.000,0.328 ± 0.000,0.000 ± 0.000,0.064 ± 0.007,0.0,0.0
recovery,svm,route_id,139,1,1,0.986 ± 0.000,0.331 ± 0.000,0.000 ± 0.000,0.021 ± 0.002,0.0,0.0
rolling_all,svm,route_id,298,9,3,0.960 ± 0.000,0.326 ± 0.000,0.000 ± 0.000,0.046 ± 0.001,0.0,0.0
acute,svm,route_id+airl,159,8,2,0.937 ± 0.000,0.323 ± 0.000,0.000 ± 0.000,0.076 ± 0.002,0.0,0.0
all,svm,route_id+airl,583,9,4,0.978 ± 0.000,0.330 ± 0.000,0.000 ± 0.000,0.025 ± 0.001,0.0,0.0
landfall,svm,route_id+airl,36,5,1,0.833 ± 0.000,0.303 ± 0.000,0.000 ± 0.000,0.180 ± 0.009,0.0,0.0
late,svm,route_id+airl,285,0,1,0.996 ± 0.000,0.499 ± 0.000,0.000 ± 0.000,0.011 ± 0.002,0.0,0.0
pre_landfall,svm,route_id+airl,123,3,1,0.967 ± 0.000,0.328 ± 0.000,0.000 ± 0.000,0.048 ± 0.000,0.0,0.0
recovery,svm,route_id+airl,139,1,1,0.986 ± 0.000,0.331 ± 0.000,0.000 ± 0.000,0.021 ± 0.001,0.0,0.0
rolling_all,svm,route_id+airl,298,9,3,0.960 ± 0.000,0.326 ± 0.000,0.000 ± 0.000,0.042 ± 0.001,0.0,0.0
acute,svm,route_id+bc,159,8,2,0.937 ± 0.000,0.323 ± 0.000,0.000 ± 0.000,0.082 ± 0.003,0.0,0.0
all,svm,route_id+bc,583,9,4,0.978 ± 0.000,0.330 ± 0.000,0.000 ± 0.000,0.028 ± 0.002,0.0,0.0
landfall,svm,route_id+bc,36,5,1,0.833 ± 0.000,0.303 ± 0.000,0.000 ± 0.000,0.186 ± 0.012,0.0,0.0
late,svm,route_id+bc,285,0,1,0.996 ± 0.000,0.499 ± 0.000,0.000 ± 0.000,0.009 ± 0.003,0.0,0.0
pre_landfall,svm,route_id+bc,123,3,1,0.967 ± 0.000,0.328 ± 0.000,0.000 ± 0.000,0.054 ± 0.004,0.0,0.0
recovery,svm,route_id+bc,139,1,1,0.986 ± 0.000,0.331 ± 0.000,0.000 ± 0.000,0.020 ± 0.002,0.0,0.0
rolling_all,svm,route_id+bc,298,9,3,0.960 ± 0.000,0.326 ± 0.000,0.000 ± 0.000,0.046 ± 0.002,0.0,0.0
acute,svm,route_id+empirical,159,8,2,0.937 ± 0.000,0.323 ± 0.000,0.000 ± 0.000,0.088 ± 0.005,0.0,0.0
all,svm,route_id+empirical,583,9,4,0.978 ± 0.000,0.330 ± 0.000,0.000 ± 0.000,0.029 ± 0.001,0.0,0.0
landfall,svm,route_id+empirical,36,5,1,0.833 ± 0.000,0.303 ± 0.000,0.000 ± 0.000,0.194 ± 0.002,0.0,0.0
late,svm,route_id+empirical,285,0,1,0.996 ± 0.000,0.499 ± 0.000,0.000 ± 0.000,0.007 ± 0.000,0.0,0.0
pre_landfall,svm,route_id+empirical,123,3,1,0.967 ± 0.000,0.328 ± 0.000,0.000 ± 0.000,0.064 ± 0.008,0.0,0.0
recovery,svm,route_id+empirical,139,1,1,0.986 ± 0.000,0.331 ± 0.000,0.000 ± 0.000,0.021 ± 0.001,0.0,0.0
rolling_all,svm,route_id+empirical,298,9,3,0.960 ± 0.000,0.326 ± 0.000,0.000 ± 0.000,0.048 ± 0.001,0.0,0.0
acute,svm,topology,159,8,2,0.935 ± 0.003,0.322 ± 0.001,0.000 ± 0.000,0.099 ± 0.005,0.0,0.0
all,svm,topology,583,9,4,0.977 ± 0.001,0.329 ± 0.000,0.000 ± 0.000,0.030 ± 0.001,0.0,0.0
landfall,svm,topology,36,5,1,0.822 ± 0.015,0.301 ± 0.003,0.000 ± 0.000,0.194 ± 0.004,0.0,0.0
late,svm,topology,285,0,1,0.996 ± 0.000,0.499 ± 0.000,0.000 ± 0.000,0.007 ± 0.000,0.0,0.0
pre_landfall,svm,topology,123,3,1,0.967 ± 0.000,0.328 ± 0.000,0.000 ± 0.000,0.064 ± 0.007,0.0,0.0
recovery,svm,topology,139,1,1,0.986 ± 0.000,0.331 ± 0.000,0.000 ± 0.000,0.014 ± 0.000,0.0,0.0
rolling_all,svm,topology,298,9,3,0.958 ± 0.002,0.326 ± 0.000,0.000 ± 0.000,0.052 ± 0.000,0.0,0.0
