model,cond,phase,n,n_days,dMacroF1,dMacroF1_seed_sd,ci_lo,ci_hi,p_boot,mcnemar_b_correct_c_wrong,mcnemar_b_wrong_c_correct,p_mcnemar,p_boot_holm,p_mcnemar_holm
knn,airl_H,acute,159,11,0.0,0.0,0.0,0.0,1.0,0,0,1.0,1.0,1.0
knn,airl_P,acute,159,11,0.0,0.0,0.0,0.0,1.0,0,0,1.0,1.0,1.0
knn,airl,acute,159,11,0.0,0.0,0.0,0.0,1.0,0,0,1.0,1.0,1.0
knn,bc,acute,159,11,0.0,0.0,0.0,0.0,1.0,0,0,1.0,1.0,1.0
knn,empirical,acute,159,11,0.0,0.0,0.0,0.0,1.0,0,0,1.0,1.0,1.0
knn,logit,acute,159,11,0.0,0.0,0.0,0.0,1.0,0,0,1.0,1.0,1.0
knn,route_id+airl,acute,159,11,0.0,0.0,0.0,0.0,1.0,0,0,1.0,1.0,1.0
knn,route_id+bc,acute,159,11,0.0,0.0,0.0,0.0,1.0,0,0,1.0,1.0,1.0
knn,route_id+empirical,acute,159,11,0.0,0.0,0.0,0.0,1.0,0,0,1.0,1.0,1.0
knn,route_id,acute,159,11,0.0,0.0,0.0,0.0,1.0,0,0,1.0,1.0,1.0
knn,topology,acute,159,11,0.0,0.0,0.0,0.0,1.0,0,0,1.0,1.0,1.0
knn,airl_H,all,583,37,0.0,0.0,0.0,0.0,1.0,0,0,1.0,1.0,1.0
knn,airl_P,all,583,37,0.0,0.0,0.0,0.0,1.0,0,0,1.0,1.0,1.0
knn,airl,all,583,37,0.0,0.0,0.0,0.0,1.0,0,0,1.0,1.0,1.0
knn,bc,all,583,37,0.0,0.0,0.0,0.0,1.0,0,0,1.0,1.0,1.0
knn,empirical,all,583,37,0.0,0.0,0.0,0.0,1.0,0,0,1.0,1.0,1.0
knn,logit,all,583,37,0.0,0.0,0.0,0.0,1.0,0,0,1.0,1.0,1.0
knn,route_id+airl,all,583,37,0.0,0.0,0.0,0.0,1.0,0,0,1.0,1.0,1.0
knn,route_id+bc,all,583,37,0.0,0.0,0.0,0.0,1.0,0,0,1.0,1.0,1.0
knn,route_id+empirical,all,583,37,0.0,0.0,0.0,0.0,1.0,0,0,1.0,1.0,1.0
knn,route_id,all,583,37,0.0,0.0,0.0,0.0,1.0,0,0,1.0,1.0,1.0
knn,topology,all,583,37,0.0,0.0,0.0,0.0,1.0,0,0,1.0,1.0,1.0
knn,airl_H,landfall,36,4,0.0,0.0,0.0,0.0,1.0,0,0,1.0,1.0,1.0
knn,airl_P,landfall,36,4,0.0,0.0,0.0,0.0,1.0,0,0,1.0,1.0,1.0
knn,airl,landfall,36,4,0.0,0.0,0.0,0.0,1.0,0,0,1.0,1.0,1.0
knn,bc,landfall,36,4,0.0,0.0,0.0,0.0,1.0,0,0,1.0,1.0,1.0
knn,empirical,landfall,36,4,0.0,0.0,0.0,0.0,1.0,0,0,1.0,1.0,1.0
knn,logit,landfall,36,4,0.0,0.0,0.0,0.0,1.0,0,0,1.0,1.0,1.0
knn,route_id+airl,landfall,36,4,0.0,0.0,0.0,0.0,1.0,0,0,1.0,1.0,1.0
knn,route_id+bc,landfall,36,4,0.0,0.0,0.0,0.0,1.0,0,0,1.0,1.0,1.0
knn,route_id+empirical,landfall,36,4,0.0,0.0,0.0,0.0,1.0,0,0,1.0,1.0,1.0
knn,route_id,landfall,36,4,0.0,0.0,0.0,0.0,1.0,0,0,1.0,1.0,1.0
knn,topology,landfall,36,4,0.0,0.0,0.0,0.0,1.0,0,0,1.0,1.0,1.0
knn,airl_H,late,285,18,0.0,0.0,0.0,0.0,1.0,0,0,1.0,1.0,1.0
knn,airl_P,late,285,18,0.0,0.0,0.0,0.0,1.0,0,0,1.0,1.0,1.0
knn,airl,late,285,18,0.0,0.0,0.0,0.0,1.0,0,0,1.0,1.0,1.0
knn,bc,late,285,18,0.0,0.0,0.0,0.0,1.0,0,0,1.0,1.0,1.0
knn,empirical,late,285,18,0.0,0.0,0.0,0.0,1.0,0,0,1.0,1.0,1.0
knn,logit,late,285,18,0.0,0.0,0.0,0.0,1.0,0,0,1.0,1.0,1.0
knn,route_id+airl,late,285,18,0.0,0.0,0.0,0.0,1.0,0,0,1.0,1.0,1.0
knn,route_id+bc,late,285,18,0.0,0.0,0.0,0.0,1.0,0,0,1.0,1.0,1.0
knn,route_id+empirical,late,285,18,0.0,0.0,0.0,0.0,1.0,0,0,1.0,1.0,1.0
knn,route_id,late,285,18,0.0,0.0,0.0,0.0,1.0,0,0,1.0,1.0,1.0
knn,topology,late,285,18,0.0,0.0,0.0,0.0,1.0,0,0,1.0,1.0,1.0
knn,airl_H,pre_landfall,123,8,0.0,0.0,0.0,0.0,1.0,0,0,1.0,1.0,1.0
knn,airl_P,pre_landfall,123,8,0.0,0.0,0.0,0.0,1.0,0,0,1.0,1.0,1.0
knn,airl,pre_landfall,123,8,0.0,0.0,0.0,0.0,1.0,0,0,1.0,1.0,1.0
knn,bc,pre_landfall,123,8,0.0,0.0,0.0,0.0,1.0,0,0,1.0,1.0,1.0
knn,empirical,pre_landfall,123,8,0.0,0.0,0.0,0.0,1.0,0,0,1.0,1.0,1.0
knn,logit,pre_landfall,123,8,0.0,0.0,0.0,0.0,1.0,0,0,1.0,1.0,1.0
knn,route_id+airl,pre_landfall,123,8,0.0,0.0,0.0,0.0,1.0,0,0,1.0,1.0,1.0
knn,route_id+bc,pre_landfall,123,8,0.0,0.0,0.0,0.0,1.0,0,0,1.0,1.0,1.0
knn,route_id+empirical,pre_landfall,123,8,0.0,0.0,0.0,0.0,1.0,0,0,1.0,1.0,1.0
knn,route_id,pre_landfall,123,8,0.0,0.0,0.0,0.0,1.0,0,0,1.0,1.0,1.0
knn,topology,pre_landfall,123,8,0.0,0.0,0.0,0.0,1.0,0,0,1.0,1.0,1.0
knn,airl_H,recovery,139,9,0.0,0.0,0.0,0.0,1.0,0,0,1.0,1.0,1.0
knn,airl_P,recovery,139,9,0.0,0.0,0.0,0.0,1.0,0,0,1.0,1.0,1.0
knn,airl,recovery,139,9,0.0,0.0,0.0,0.0,1.0,0,0,1.0,1.0,1.0
knn,bc,recovery,139,9,0.0,0.0,0.0,0.0,1.0,0,0,1.0,1.0,1.0
knn,empirical,recovery,139,9,0.0,0.0,0.0,0.0,1.0,0,0,1.0,1.0,1.0
knn,logit,recovery,139,9,0.0,0.0,0.0,0.0,1.0,0,0,1.0,1.0,1.0
knn,route_id+airl,recovery,139,9,0.0,0.0,0.0,0.0,1.0,0,0,1.0,1.0,1.0
knn,route_id+bc,recovery,139,9,0.0,0.0,0.0,0.0,1.0,0,0,1.0,1.0,1.0
knn,route_id+empirical,recovery,139,9,0.0,0.0,0.0,0.0,1.0,0,0,1.0,1.0,1.0
knn,route_id,recovery,139,9,0.0,0.0,0.0,0.0,1.0,0,0,1.0,1.0,1.0
knn,topology,recovery,139,9,0.0,0.0,0.0,0.0,1.0,0,0,1.0,1.0,1.0
knn,airl_H,rolling_all,298,19,0.0,0.0,0.0,0.0,1.0,0,0,1.0,1.0,1.0
knn,airl_P,rolling_all,298,19,0.0,0.0,0.0,0.0,1.0,0,0,1.0,1.0,1.0
knn,airl,rolling_all,298,19,0.0,0.0,0.0,0.0,1.0,0,0,1.0,1.0,1.0
knn,bc,rolling_all,298,19,0.0,0.0,0.0,0.0,1.0,0,0,1.0,1.0,1.0
knn,empirical,rolling_all,298,19,0.0,0.0,0.0,0.0,1.0,0,0,1.0,1.0,1.0
knn,logit,rolling_all,298,19,0.0,0.0,0.0,0.0,1.0,0,0,1.0,1.0,1.0
knn,route_id+airl,rolling_all,298,19,0.0,0.0,0.0,0.0,1.0,0,0,1.0,1.0,1.0
knn,route_id+bc,rolling_all,298,19,0.0,0.0,0.0,0.0,1.0,0,0,1.0,1.0,1.0
knn,route_id+empirical,rolling_all,298,19,0.0,0.0,0.0,0.0,1.0,0,0,1.0,1.0,1.0
knn,route_id,rolling_all,298,19,0.0,0.0,0.0,0.0,1.0,0,0,1.0,1.0,1.0
knn,topology,rolling_all,298,19,0.0,0.0,0.0,0.0,1.0,0,0,1.0,1.0,1.0
mlp,airl_H,acute,159,11,-0.0144460910709705,0.0310602730936379,-0.0221121267817111,0.0,0.06,0,0,1.0,1.0,1.0
mlp,airl_P,acute,159,11,-0.0135448574191628,0.0296604763963193,-0.0214623844048282,0.0004410577638842,0.324,0,0,1.0,1.0,1.0
mlp,airl,acute,159,11,-0.0135433920220277,0.0302943177857857,-0.0207759295485833,0.0,0.696,0,0,1.0,1.0,1.0
mlp,bc,acute,159,11,-0.0135433920220277,0.0302943177857857,-0.0209421088615719,0.0,0.709,0,0,1.0,1.0,1.0
mlp,empirical,acute,159,11,-0.0137690631808278,0.0307987638904988,-0.0213473955680081,0.0,0.202,0,0,1.0,1.0,1.0
mlp,logit,acute,159,11,-0.000224205761665,0.047494386043443,-0.0007783037177036,0.0,0.663,0,0,1.0,1.0,1.0
mlp,route_id+airl,acute,159,11,-0.0137675977836928,0.030172930996415,-0.0213986346800329,0.0,0.21,0,0,1.0,1.0,1.0
mlp,route_id+bc,acute,159,11,-0.0137675977836928,0.030172930996415,-0.0211282753299854,0.0,0.215,0,0,1.0,1.0,1.0
mlp,route_id+empirical,acute,159,11,-0.0137675977836928,0.0295372550073053,-0.0211463366734255,0.0,0.221,0,0,1.0,1.0,1.0
mlp,route_id,acute,159,11,-0.0139947343396279,0.0306868498400992,-0.0213837550853686,0.0,0.248,0,0,1.0,1.0,1.0
mlp,topology,acute,159,11,-0.0144460910709705,0.0310602730936379,-0.0215481325835373,-0.0003434488070763,0.018,1,0,1.0,0.594,1.0
mlp,airl_H,all,583,37,-0.0113445064087297,0.0250426692357588,-0.0190451203369625,0.0001165372076921,0.161,0,1,1.0,1.0,1.0
mlp,airl_P,all,583,37,-0.0109339298821187,0.0247771658679386,-0.0190480656064518,0.0005790856507447,0.676,0,1,1.0,1.0,1.0
mlp,airl,all,583,37,-0.0111094984472146,0.0248447583109054,-0.0191029790975602,0.0002852464637691,0.466,0,1,1.0,1.0,1.0
mlp,bc,all,583,37,-0.0110508739017308,0.0248769866038847,-0.0191575384452208,0.0003463206033053,0.766,0,1,1.0,1.0,1.0
mlp,empirical,all,583,37,-0.0111681229926984,0.0249758331576244,-0.019161539066206,0.0002310798048048,0.356,0,1,1.0,1.0,1.0
mlp,logit,all,583,37,0.0008929548337535,0.0411917306783068,-0.0004112713854082,0.0030772147767556,0.979,0,0,1.0,1.0,1.0
mlp,route_id+airl,all,583,37,-0.0109924527371507,0.0249131939486472,-0.0189817110412684,0.0005167795673286,0.617,0,1,1.0,1.0,1.0
mlp,route_id+bc,all,583,37,-0.0111097020933977,0.0248481025816446,-0.0184397218956428,0.000291926752362,0.447,0,1,1.0,1.0,1.0
mlp,route_id+empirical,all,583,37,-0.0109923510466988,0.0249098054757756,-0.018981331393008,0.0006333963720839,0.529,0,1,1.0,1.0,1.0
mlp,route_id,all,583,37,-0.0111096001376664,0.0250105815431423,-0.0191628513270022,0.0004317428170217,0.467,0,1,1.0,1.0,1.0
mlp,topology,all,583,37,-0.0112270531400966,0.0251078822664274,-0.0190465249169226,0.0002304740437324,0.285,1,1,1.0,1.0,1.0
mlp,airl_H,landfall,36,4,-0.0231546231546231,0.0517753113671279,-0.0243539313961849,0.0,0.652,0,0,1.0,1.0,1.0
mlp,airl_P,landfall,36,4,-0.0231546231546231,0.0517753113671279,-0.0243539313961849,0.0,0.654,0,0,1.0,1.0,1.0
mlp,airl,landfall,36,4,-0.0231546231546231,0.0517753113671279,-0.0243539313961849,0.0,0.627,0,0,1.0,1.0,1.0
mlp,bc,landfall,36,4,-0.0231546231546231,0.0517753113671279,-0.0243539313961849,0.0,0.628,0,0,1.0,1.0,1.0
mlp,empirical,landfall,36,4,-0.0231546231546231,0.0517753113671279,-0.0243539313961849,0.0,0.609,0,0,1.0,1.0,1.0
mlp,logit,landfall,36,4,0.0,0.0818639552422654,0.0,0.0,1.0,0,0,1.0,1.0,1.0
mlp,route_id+airl,landfall,36,4,-0.0231546231546231,0.0517753113671279,-0.0243539313961849,0.0,0.625,0,0,1.0,1.0,1.0
mlp,route_id+bc,landfall,36,4,-0.0231546231546231,0.0517753113671279,-0.0243539313961849,0.0,0.605,0,0,1.0,1.0,1.0
mlp,route_id+empirical,landfall,36,4,-0.0231546231546231,0.0517753113671279,-0.0243539313961849,0.0,0.613,0,0,1.0,1.0,1.0
mlp,route_id,landfall,36,4,-0.0231546231546231,0.0517753113671279,-0.0243539313961849,0.0,0.637,0,0,1.0,1.0,1.0
mlp,topology,landfall,36,4,-0.0231546231546231,0.0517753113671279,-0.0243539313961849,0.0,0.612,0,0,1.0,1.0,1.0
mlp,airl_H,late,285,18,0.0001763657516275,0.0007396506900562,-0.0005309439826348,0.0021127627047047,0.887,0,1,1.0,1.0,1.0
mlp,airl_P,late,285,18,0.0007060851079267,0.000738906669942,0.0,0.0031783622086501,0.256,0,1,1.0,1.0,1.0
mlp,airl,late,285,18,0.0003533536046717,0.0004838505999107,0.0,0.0021164021164021,0.683,0,1,1.0,1.0,1.0
mlp,bc,late,285,18,0.0003533536046717,0.0004838505999107,0.0,0.0021015761821365,0.735,0,1,1.0,1.0,1.0
mlp,empirical,late,285,18,0.0001763657516275,0.0007396506900562,-0.0007117259353933,0.0014389146003507,0.944,0,1,1.0,1.0,1.0
mlp,logit,late,285,18,-0.0001769878530441,0.0003957568705985,-0.001073284414071,0.0010544815465729,0.795,0,0,1.0,1.0,1.0
mlp,route_id+airl,late,285,18,0.0007060851079267,0.0009668474782633,0.0,0.003201160541586,0.244,0,1,1.0,1.0,1.0
mlp,route_id+bc,late,285,18,0.000352731503255,0.0011848370204995,-0.0003571338431639,0.0024654228163,0.553,0,1,1.0,1.0,1.0
mlp,route_id+empirical,late,285,18,0.0007060851079267,0.000738906669942,-0.0003571338431639,0.0042255894939547,0.473,0,1,1.0,1.0,1.0
mlp,route_id,late,285,18,0.0005297193562992,0.0010063948209086,-0.0003583958002069,0.0031974430334057,0.52,0,1,1.0,1.0,1.0
mlp,topology,late,285,18,0.0005297193562992,0.0007899490845697,0.0,0.0024569240012691,0.223,0,1,1.0,1.0,1.0
mlp,airl_H,pre_landfall,123,8,-0.0011341926228153,0.0015530795862688,-0.0035234563612382,0.0,0.188,0,0,1.0,1.0,1.0
mlp,airl_P,pre_landfall,123,8,-2.3433124149763173e-06,0.0009983308462306,-0.0012142330511581,0.0008434800353717,0.914,0,0,1.0,1.0,1.0
mlp,airl,pre_landfall,123,8,0.0,0.000994183259444,0.0,0.0,1.0,0,0,1.0,1.0,1.0
mlp,bc,pre_landfall,123,8,0.0,0.000994183259444,0.0,0.0,1.0,0,0,1.0,1.0,1.0
mlp,empirical,pre_landfall,123,8,-0.000283540802213,0.0011791426062851,-0.0012446050386429,0.0,0.691,0,0,1.0,1.0,1.0
mlp,logit,pre_landfall,123,8,-0.000281197489798,0.0011763334963786,-0.0012342051131354,0.0,0.705,0,0,1.0,1.0,1.0
mlp,route_id+airl,pre_landfall,123,8,-0.000281197489798,0.0011763334963786,-0.0012550166655329,0.0,0.684,0,0,1.0,1.0,1.0
mlp,route_id+bc,pre_landfall,123,8,-0.000281197489798,0.0011763334963786,-0.0012344859626999,0.0,0.722,0,0,1.0,1.0,1.0
mlp,route_id+empirical,pre_landfall,123,8,-0.000281197489798,0.0011763334963786,-0.0012442396313363,0.0,0.707,0,0,1.0,1.0,1.0
mlp,route_id,pre_landfall,123,8,-0.000567081604426,0.0016087270667288,-0.0024884975330381,0.0,0.682,0,0,1.0,1.0,1.0
mlp,topology,pre_landfall,123,8,-0.0011341926228153,0.0015530795862688,-0.002992254161663,-0.0002698201901389,0.048,1,0,1.0,1.0,1.0
mlp,airl_H,recovery,139,9,0.0,0.0,0.0,0.0,1.0,0,0,1.0,1.0,1.0
mlp,airl_P,recovery,139,9,0.0,0.0,0.0,0.0,1.0,0,0,1.0,1.0,1.0
mlp,airl,recovery,139,9,-0.0002441809398331,0.0005460051802766,-0.0014194726953821,0.0,0.697,0,0,1.0,1.0,1.0
mlp,bc,recovery,139,9,0.0,0.0,0.0,0.0,1.0,0,0,1.0,1.0,1.0
mlp,empirical,recovery,139,9,0.0,0.0,0.0,0.0,1.0,0,0,1.0,1.0,1.0
mlp,logit,recovery,139,9,0.0,0.0,0.0,0.0,1.0,0,0,1.0,1.0,1.0
mlp,route_id+airl,recovery,139,9,0.0,0.0,0.0,0.0,1.0,0,0,1.0,1.0,1.0
mlp,route_id+bc,recovery,139,9,0.0,0.0,0.0,0.0,1.0,0,0,1.0,1.0,1.0
mlp,route_id+empirical,recovery,139,9,0.0,0.0,0.0,0.0,1.0,0,0,1.0,1.0,1.0
mlp,route_id,recovery,139,9,0.0,0.0,0.0,0.0,1.0,0,0,1.0,1.0,1.0
mlp,topology,recovery,139,9,0.0,0.0,0.0,0.0,1.0,0,0,1.0,1.0,1.0
mlp,airl_H,rolling_all,298,19,-0.0127016145778385,0.027752792523589,-0.0198866216248642,0.0,0.064,0,0,1.0,1.0,1.0
mlp,airl_P,rolling_all,298,19,-0.0122336064586519,0.0270290553486185,-0.0196325947081241,0.0002290168956835,0.321,0,0,1.0,1.0,1.0
mlp,airl,rolling_all,298,19,-0.0123499061622074,0.0272933297389131,-0.0196242445495871,0.0,0.263,0,0,1.0,1.0,1.0
mlp,bc,rolling_all,298,19,-0.0122332054251914,0.0273573904667443,-0.0195095935800156,0.0,0.675,0,0,1.0,1.0,1.0
mlp,empirical,rolling_all,298,19,-0.012350307195668,0.0276192084863432,-0.0195127997280905,0.0,0.239,0,0,1.0,1.0,1.0
mlp,logit,rolling_all,298,19,-0.000116700737016,0.0430468868753264,-0.0003612070591592,0.0,0.722,0,0,1.0,1.0,1.0
mlp,route_id+airl,rolling_all,298,19,-0.0123499061622074,0.0272933297389131,-0.0196290481445674,0.0,0.241,0,0,1.0,1.0,1.0
mlp,route_id+bc,rolling_all,298,19,-0.0123499061622074,0.0272933297389131,-0.0196232703419019,0.0,0.248,0,0,1.0,1.0,1.0
mlp,route_id+empirical,rolling_all,298,19,-0.0123499061622074,0.026964431147758,-0.0196374987256344,0.0,0.228,0,0,1.0,1.0,1.0
mlp,route_id,rolling_all,298,19,-0.0124674089661446,0.0275580198440579,-0.0202152523420596,0.0,0.247,0,0,1.0,1.0,1.0
mlp,topology,rolling_all,298,19,-0.0127016145778385,0.027752792523589,-0.020004561154629,-0.0001131682519801,0.023,1,0,1.0,0.759,1.0
svm,airl_H,acute,159,11,0.0,0.0,0.0,0.0,1.0,0,0,1.0,1.0,1.0
svm,airl_P,acute,159,11,0.0,0.0,0.0,0.0,1.0,0,0,1.0,1.0,1.0
svm,airl,acute,159,11,0.000224205761665,0.0005013393240301,0.0,0.0007557956240118,0.708,0,0,1.0,1.0,1.0
svm,bc,acute,159,11,0.0004484115233301,0.0006140127659328,0.0,0.001604760879577,0.657,0,0,1.0,1.0,1.0
svm,empirical,acute,159,11,0.0004484115233301,0.0006140127659328,0.0,0.0015563006036555,0.676,0,0,1.0,1.0,1.0
svm,logit,acute,159,11,0.0,0.0,0.0,0.0,1.0,0,0,1.0,1.0,1.0
svm,route_id+airl,acute,159,11,0.0004484115233301,0.0006140127659328,0.0,0.0016170206439158,0.686,0,0,1.0,1.0,1.0
svm,route_id+bc,acute,159,11,0.0004484115233301,0.0006140127659328,0.0,0.0014743991383237,0.698,0,0,1.0,1.0,1.0
svm,route_id+empirical,acute,159,11,0.0004484115233301,0.0006140127659328,0.0,0.0014193652785771,0.696,0,0,1.0,1.0,1.0
svm,route_id,acute,159,11,0.0004484115233301,0.0006140127659328,0.0,0.0016038607593873,0.715,0,0,1.0,1.0,1.0
svm,topology,acute,159,11,0.0,0.0,0.0,0.0,1.0,0,0,1.0,1.0,1.0
svm,airl_H,all,583,37,0.0,0.0,0.0,0.0,1.0,0,0,1.0,1.0,1.0
svm,airl_P,all,583,37,0.0,0.0,0.0,0.0,1.0,0,0,1.0,1.0,1.0
svm,airl,all,583,37,5.852285503197274e-05,0.0001308610820888,0.0,0.0001789874863059,0.713,0,0,1.0,1.0,1.0
svm,bc,all,583,37,0.0001170457100639,0.000160271439153,0.0,0.0003579525444533,0.667,0,0,1.0,1.0,1.0
svm,empirical,all,583,37,0.0001170457100639,0.000160271439153,0.0,0.0003605824830599,0.734,0,0,1.0,1.0,1.0
svm,logit,all,583,37,0.0,0.0,0.0,0.0,1.0,0,0,1.0,1.0,1.0
svm,route_id+airl,all,583,37,0.0001170457100639,0.000160271439153,0.0,0.0003573361591022,0.717,0,0,1.0,1.0,1.0
svm,route_id+bc,all,583,37,0.0001170457100639,0.000160271439153,0.0,0.000361245074862,0.719,0,0,1.0,1.0,1.0
svm,route_id+empirical,all,583,37,0.0001170457100639,0.000160271439153,0.0,0.0003586052428021,0.718,0,0,1.0,1.0,1.0
svm,route_id,all,583,37,0.0001170457100639,0.000160271439153,0.0,0.0003618740731186,0.782,0,0,1.0,1.0,1.0
svm,topology,all,583,37,0.0,0.0,0.0,0.0,1.0,0,0,1.0,1.0,1.0
svm,airl_H,landfall,36,4,0.0,0.0,0.0,0.0,1.0,0,0,1.0,1.0,1.0
svm,airl_P,landfall,36,4,0.0,0.0,0.0,0.0,1.0,0,0,1.0,1.0,1.0
svm,airl,landfall,36,4,0.0011188811188811,0.0025018942405592,0.0,0.0063157894736842,0.665,0,0,1.0,1.0,1.0
svm,bc,landfall,36,4,0.0022377622377622,0.003064182139889,0.0,0.0126315789473684,0.603,0,0,1.0,1.0,1.0
svm,empirical,landfall,36,4,0.0022377622377622,0.003064182139889,0.0,0.0126315789473684,0.605,0,0,1.0,1.0,1.0
svm,logit,landfall,36,4,0.0,0.0,0.0,0.0,1.0,0,0,1.0,1.0,1.0
svm,route_id+airl,landfall,36,4,0.0022377622377622,0.003064182139889,0.0,0.0126315789473684,0.645,0,0,1.0,1.0,1.0
svm,route_id+bc,landfall,36,4,0.0022377622377622,0.003064182139889,0.0,0.0126383701188454,0.649,0,0,1.0,1.0,1.0
svm,route_id+empirical,landfall,36,4,0.0022377622377622,0.003064182139889,0.0,0.0126315789473684,0.648,0,0,1.0,1.0,1.0
svm,route_id,landfall,36,4,0.0022377622377622,0.003064182139889,0.0,0.0126315789473684,0.612,0,0,1.0,1.0,1.0
svm,topology,landfall,36,4,0.0,0.0,0.0,0.0,1.0,0,0,1.0,1.0,1.0
svm,airl_H,late,285,18,0.0,0.0,0.0,0.0,1.0,0,0,1.0,1.0,1.0
svm,airl_P,late,285,18,0.0,0.0,0.0,0.0,1.0,0,0,1.0,1.0,1.0
svm,airl,late,285,18,0.0,0.0,0.0,0.0,1.0,0,0,1.0,1.0,1.0
svm,bc,late,285,18,0.0,0.0,0.0,0.0,1.0,0,0,1.0,1.0,1.0
svm,empirical,late,285,18,0.0,0.0,0.0,0.0,1.0,0,0,1.0,1.0,1.0
svm,logit,late,285,18,0.0,0.0,0.0,0.0,1.0,0,0,1.0,1.0,1.0
svm,route_id+airl,late,285,18,0.0,0.0,0.0,0.0,1.0,0,0,1.0,1.0,1.0
svm,route_id+bc,late,285,18,0.0,0.0,0.0,0.0,1.0,0,0,1.0,1.0,1.0
svm,route_id+empirical,late,285,18,0.0,0.0,0.0,0.0,1.0,0,0,1.0,1.0,1.0
svm,route_id,late,285,18,0.0,0.0,0.0,0.0,1.0,0,0,1.0,1.0,1.0
svm,topology,late,285,18,0.0,0.0,0.0,0.0,1.0,0,0,1.0,1.0,1.0
svm,airl_H,pre_landfall,123,8,0.0,0.0,0.0,0.0,1.0,0,0,1.0,1.0,1.0
svm,airl_P,pre_landfall,123,8,0.0,0.0,0.0,0.0,1.0,0,0,1.0,1.0,1.0
svm,airl,pre_landfall,123,8,0.0,0.0,0.0,0.0,1.0,0,0,1.0,1.0,1.0
svm,bc,pre_landfall,123,8,0.0,0.0,0.0,0.0,1.0,0,0,1.0,1.0,1.0
svm,empirical,pre_landfall,123,8,0.0,0.0,0.0,0.0,1.0,0,0,1.0,1.0,1.0
svm,logit,pre_landfall,123,8,0.0,0.0,0.0,0.0,1.0,0,0,1.0,1.0,1.0
svm,route_id+airl,pre_landfall,123,8,0.0,0.0,0.0,0.0,1.0,0,0,1.0,1.0,1.0
svm,route_id+bc,pre_landfall,123,8,0.0,0.0,0.0,0.0,1.0,0,0,1.0,1.0,1.0
svm,route_id+empirical,pre_landfall,123,8,0.0,0.0,0.0,0.0,1.0,0,0,1.0,1.0,1.0
svm,route_id,pre_landfall,123,8,0.0,0.0,0.0,0.0,1.0,0,0,1.0,1.0,1.0
svm,topology,pre_landfall,123,8,0.0,0.0,0.0,0.0,1.0,0,0,1.0,1.0,1.0
svm,airl_H,recovery,139,9,0.0,0.0,0.0,0.0,1.0,0,0,1.0,1.0,1.0
svm,airl_P,recovery,139,9,0.0,0.0,0.0,0.0,1.0,0,0,1.0,1.0,1.0
svm,airl,recovery,139,9,0.0,0.0,0.0,0.0,1.0,0,0,1.0,1.0,1.0
svm,bc,recovery,139,9,0.0,0.0,0.0,0.0,1.0,0,0,1.0,1.0,1.0
svm,empirical,recovery,139,9,0.0,0.0,0.0,0.0,1.0,0,0,1.0,1.0,1.0
svm,logit,recovery,139,9,0.0,0.0,0.0,0.0,1.0,0,0,1.0,1.0,1.0
svm,route_id+airl,recovery,139,9,0.0,0.0,0.0,0.0,1.0,0,0,1.0,1.0,1.0
svm,route_id+bc,recovery,139,9,0.0,0.0,0.0,0.0,1.0,0,0,1.0,1.0,1.0
svm,route_id+empirical,recovery,139,9,0.0,0.0,0.0,0.0,1.0,0,0,1.0,1.0,1.0
svm,route_id,recovery,139,9,0.0,0.0,0.0,0.0,1.0,0,0,1.0,1.0,1.0
svm,topology,recovery,139,9,0.0,0.0,0.0,0.0,1.0,0,0,1.0,1.0,1.0
svm,airl_H,rolling_all,298,19,0.0,0.0,0.0,0.0,1.0,0,0,1.0,1.0,1.0
svm,airl_P,rolling_all,298,19,0.0,0.0,0.0,0.0,1.0,0,0,1.0,1.0,1.0
svm,airl,rolling_all,298,19,0.000116700737016,0.0002609507809922,0.0,0.0003587725137823,0.716,0,0,1.0,1.0,1.0
svm,bc,rolling_all,298,19,0.0002334014740321,0.0003195981307059,0.0,0.0007251917811598,0.706,0,0,1.0,1.0,1.0
svm,empirical,rolling_all,298,19,0.0002334014740321,0.0003195981307059,0.0,0.0007435748890685,0.708,0,0,1.0,1.0,1.0
svm,logit,rolling_all,298,19,0.0,0.0,0.0,0.0,1.0,0,0,1.0,1.0,1.0
svm,route_id+airl,rolling_all,298,19,0.0002334014740321,0.0003195981307059,0.0,0.0007276605916031,0.713,0,0,1.0,1.0,1.0
svm,route_id+bc,rolling_all,298,19,0.0002334014740321,0.0003195981307059,0.0,0.0007175433262389,0.724,0,0,1.0,1.0,1.0
svm,route_id+empirical,rolling_all,298,19,0.0002334014740321,0.0003195981307059,0.0,0.0007224121841898,0.723,0,0,1.0,1.0,1.0
svm,route_id,rolling_all,298,19,0.0002334014740321,0.0003195981307059,0.0,0.0007278880614262,0.717,0,0,1.0,1.0,1.0
svm,topology,rolling_all,298,19,0.0,0.0,0.0,0.0,1.0,0,0,1.0,1.0,1.0
