model,cond,phase,true0_pred0,true0_pred1,true0_pred2,true1_pred0,true1_pred1,true1_pred2,true2_pred0,true2_pred1,true2_pred2
knn,airl_H,acute,149,0,0,8,0,0,2,0,0
knn,airl_P,acute,149,0,0,8,0,0,2,0,0
knn,airl,acute,149,0,0,8,0,0,2,0,0
knn,bc,acute,149,0,0,8,0,0,2,0,0
knn,empirical,acute,149,0,0,8,0,0,2,0,0
knn,logit,acute,149,0,0,8,0,0,2,0,0
knn,none,acute,149,0,0,8,0,0,2,0,0
knn,route_id+airl,acute,149,0,0,8,0,0,2,0,0
knn,route_id+bc,acute,149,0,0,8,0,0,2,0,0
knn,route_id+empirical,acute,149,0,0,8,0,0,2,0,0
knn,route_id,acute,149,0,0,8,0,0,2,0,0
knn,topology,acute,149,0,0,8,0,0,2,0,0
knn,airl_H,all,570,0,0,9,0,0,4,0,0
knn,airl_P,all,570,0,0,9,0,0,4,0,0
knn,airl,all,570,0,0,9,0,0,4,0,0
knn,bc,all,570,0,0,9,0,0,4,0,0
knn,empirical,all,570,0,0,9,0,0,4,0,0
knn,logit,all,570,0,0,9,0,0,4,0,0
knn,none,all,570,0,0,9,0,0,4,0,0
knn,route_id+airl,all,570,0,0,9,0,0,4,0,0
knn,route_id+bc,all,570,0,0,9,0,0,4,0,0
knn,route_id+empirical,all,570,0,0,9,0,0,4,0,0
knn,route_id,all,570,0,0,9,0,0,4,0,0
knn,topology,all,570,0,0,9,0,0,4,0,0
knn,airl_H,landfall,30,0,0,5,0,0,1,0,0
knn,airl_P,landfall,30,0,0,5,0,0,1,0,0
knn,airl,landfall,30,0,0,5,0,0,1,0,0
knn,bc,landfall,30,0,0,5,0,0,1,0,0
knn,empirical,landfall,30,0,0,5,0,0,1,0,0
knn,logit,landfall,30,0,0,5,0,0,1,0,0
knn,none,landfall,30,0,0,5,0,0,1,0,0
knn,route_id+airl,landfall,30,0,0,5,0,0,1,0,0
knn,route_id+bc,landfall,30,0,0,5,0,0,1,0,0
knn,route_id+empirical,landfall,30,0,0,5,0,0,1,0,0
knn,route_id,landfall,30,0,0,5,0,0,1,0,0
knn,topology,landfall,30,0,0,5,0,0,1,0,0
knn,airl_H,late,284,0,0,0,0,0,1,0,0
knn,airl_P,late,284,0,0,0,0,0,1,0,0
knn,airl,late,284,0,0,0,0,0,1,0,0
knn,bc,late,284,0,0,0,0,0,1,0,0
knn,empirical,late,284,0,0,0,0,0,1,0,0
knn,logit,late,284,0,0,0,0,0,1,0,0
knn,none,late,284,0,0,0,0,0,1,0,0
knn,route_id+airl,late,284,0,0,0,0,0,1,0,0
knn,route_id+bc,late,284,0,0,0,0,0,1,0,0
knn,route_id+empirical,late,284,0,0,0,0,0,1,0,0
knn,route_id,late,284,0,0,0,0,0,1,0,0
knn,topology,late,284,0,0,0,0,0,1,0,0
knn,airl_H,pre_landfall,119,0,0,3,0,0,1,0,0
knn,airl_P,pre_landfall,119,0,0,3,0,0,1,0,0
knn,airl,pre_landfall,119,0,0,3,0,0,1,0,0
knn,bc,pre_landfall,119,0,0,3,0,0,1,0,0
knn,empirical,pre_landfall,119,0,0,3,0,0,1,0,0
knn,logit,pre_landfall,119,0,0,3,0,0,1,0,0
knn,none,pre_landfall,119,0,0,3,0,0,1,0,0
knn,route_id+airl,pre_landfall,119,0,0,3,0,0,1,0,0
knn,route_id+bc,pre_landfall,119,0,0,3,0,0,1,0,0
knn,route_id+empirical,pre_landfall,119,0,0,3,0,0,1,0,0
knn,route_id,pre_landfall,119,0,0,3,0,0,1,0,0
knn,topology,pre_landfall,119,0,0,3,0,0,1,0,0
knn,airl_H,recovery,137,0,0,1,0,0,1,0,0
knn,airl_P,recovery,137,0,0,1,0,0,1,0,0
knn,airl,recovery,137,0,0,1,0,0,1,0,0
knn,bc,recovery,137,0,0,1,0,0,1,0,0
knn,empirical,recovery,137,0,0,1,0,0,1,0,0
knn,logit,recovery,137,0,0,1,0,0,1,0,0
knn,none,recovery,137,0,0,1,0,0,1,0,0
knn,route_id+airl,recovery,137,0,0,1,0,0,1,0,0
knn,route_id+bc,recovery,137,0,0,1,0,0,1,0,0
knn,route_id+empirical,recovery,137,0,0,1,0,0,1,0,0
knn,route_id,recovery,137,0,0,1,0,0,1,0,0
knn,topology,recovery,137,0,0,1,0,0,1,0,0
knn,airl_H,rolling_all,286,0,0,9,0,0,3,0,0
knn,airl_P,rolling_all,286,0,0,9,0,0,3,0,0
knn,airl,rolling_all,286,0,0,9,0,0,3,0,0
knn,bc,rolling_all,286,0,0,9,0,0,3,0,0
knn,empirical,rolling_all,286,0,0,9,0,0,3,0,0
knn,logit,rolling_all,286,0,0,9,0,0,3,0,0
knn,none,rolling_all,286,0,0,9,0,0,3,0,0
knn,route_id+airl,rolling_all,286,0,0,9,0,0,3,0,0
knn,route_id+bc,rolling_all,286,0,0,9,0,0,3,0,0
knn,route_id+empirical,rolling_all,286,0,0,9,0,0,3,0,0
knn,route_id,rolling_all,286,0,0,9,0,0,3,0,0
knn,topology,rolling_all,286,0,0,9,0,0,3,0,0
mlp,airl_H,acute,149,0,0,8,0,0,2,0,0
mlp,airl_P,acute,149,0,0,8,0,0,2,0,0
mlp,airl,acute,149,0,0,8,0,0,2,0,0
mlp,bc,acute,149,0,0,8,0,0,2,0,0
mlp,empirical,acute,149,0,0,8,0,0,2,0,0
mlp,logit,acute,149,0,0,8,0,0,2,0,0
mlp,none,acute,149,0,0,8,0,0,2,0,0
mlp,route_id+airl,acute,149,0,0,8,0,0,2,0,0
mlp,route_id+bc,acute,149,0,0,8,0,0,2,0,0
mlp,route_id+empirical,acute,149,0,0,8,0,0,2,0,0
mlp,route_id,acute,149,0,0,8,0,0,2,0,0
mlp,topology,acute,148,1,0,8,0,0,2,0,0
mlp,airl_H,all,570,0,0,9,0,0,4,0,0
mlp,airl_P,all,570,0,0,9,0,0,4,0,0
mlp,airl,all,570,0,0,9,0,0,4,0,0
mlp,bc,all,570,0,0,9,0,0,4,0,0
mlp,empirical,all,570,0,0,9,0,0,4,0,0
mlp,logit,all,569,1,0,9,0,0,4,0,0
mlp,none,all,569,1,0,9,0,0,4,0,0
mlp,route_id+airl,all,570,0,0,9,0,0,4,0,0
mlp,route_id+bc,all,570,0,0,9,0,0,4,0,0
mlp,route_id+empirical,all,570,0,0,9,0,0,4,0,0
mlp,route_id,all,570,0,0,9,0,0,4,0,0
mlp,topology,all,569,1,0,9,0,0,4,0,0
mlp,airl_H,landfall,30,0,0,5,0,0,1,0,0
mlp,airl_P,landfall,30,0,0,5,0,0,1,0,0
mlp,airl,landfall,30,0,0,5,0,0,1,0,0
mlp,bc,landfall,30,0,0,5,0,0,1,0,0
mlp,empirical,landfall,30,0,0,5,0,0,1,0,0
mlp,logit,landfall,30,0,0,5,0,0,1,0,0
mlp,none,landfall,30,0,0,5,0,0,1,0,0
mlp,route_id+airl,landfall,30,0,0,5,0,0,1,0,0
mlp,route_id+bc,landfall,30,0,0,5,0,0,1,0,0
mlp,route_id+empirical,landfall,30,0,0,5,0,0,1,0,0
mlp,route_id,landfall,30,0,0,5,0,0,1,0,0
mlp,topology,landfall,30,0,0,5,0,0,1,0,0
mlp,airl_H,late,284,0,0,0,0,0,1,0,0
mlp,airl_P,late,284,0,0,0,0,0,1,0,0
mlp,airl,late,284,0,0,0,0,0,1,0,0
mlp,bc,late,284,0,0,0,0,0,1,0,0
mlp,empirical,late,284,0,0,0,0,0,1,0,0
mlp,logit,late,283,1,0,0,0,0,1,0,0
mlp,none,late,283,1,0,0,0,0,1,0,0
mlp,route_id+airl,late,284,0,0,0,0,0,1,0,0
mlp,route_id+bc,late,284,0,0,0,0,0,1,0,0
mlp,route_id+empirical,late,284,0,0,0,0,0,1,0,0
mlp,route_id,late,284,0,0,0,0,0,1,0,0
mlp,topology,late,284,0,0,0,0,0,1,0,0
mlp,airl_H,pre_landfall,119,0,0,3,0,0,1,0,0
mlp,airl_P,pre_landfall,119,0,0,3,0,0,1,0,0
mlp,airl,pre_landfall,119,0,0,3,0,0,1,0,0
mlp,bc,pre_landfall,119,0,0,3,0,0,1,0,0
mlp,empirical,pre_landfall,119,0,0,3,0,0,1,0,0
mlp,logit,pre_landfall,119,0,0,3,0,0,1,0,0
mlp,none,pre_landfall,119,0,0,3,0,0,1,0,0
mlp,route_id+airl,pre_landfall,119,0,0,3,0,0,1,0,0
mlp,route_id+bc,pre_landfall,119,0,0,3,0,0,1,0,0
mlp,route_id+empirical,pre_landfall,119,0,0,3,0,0,1,0,0
mlp,route_id,pre_landfall,119,0,0,3,0,0,1,0,0
mlp,topology,pre_landfall,118,1,0,3,0,0,1,0,0
mlp,airl_H,recovery,137,0,0,1,0,0,1,0,0
mlp,airl_P,recovery,137,0,0,1,0,0,1,0,0
mlp,airl,recovery,137,0,0,1,0,0,1,0,0
mlp,bc,recovery,137,0,0,1,0,0,1,0,0
mlp,empirical,recovery,137,0,0,1,0,0,1,0,0
mlp,logit,recovery,137,0,0,1,0,0,1,0,0
mlp,none,recovery,137,0,0,1,0,0,1,0,0
mlp,route_id+airl,recovery,137,0,0,1,0,0,1,0,0
mlp,route_id+bc,recovery,137,0,0,1,0,0,1,0,0
mlp,route_id+empirical,recovery,137,0,0,1,0,0,1,0,0
mlp,route_id,recovery,137,0,0,1,0,0,1,0,0
mlp,topology,recovery,137,0,0,1,0,0,1,0,0
mlp,airl_H,rolling_all,286,0,0,9,0,0,3,0,0
mlp,airl_P,rolling_all,286,0,0,9,0,0,3,0,0
mlp,airl,rolling_all,286,0,0,9,0,0,3,0,0
mlp,bc,rolling_all,286,0,0,9,0,0,3,0,0
mlp,empirical,rolling_all,286,0,0,9,0,0,3,0,0
mlp,logit,rolling_all,286,0,0,9,0,0,3,0,0
mlp,none,rolling_all,286,0,0,9,0,0,3,0,0
mlp,route_id+airl,rolling_all,286,0,0,9,0,0,3,0,0
mlp,route_id+bc,rolling_all,286,0,0,9,0,0,3,0,0
mlp,route_id+empirical,rolling_all,286,0,0,9,0,0,3,0,0
mlp,route_id,rolling_all,286,0,0,9,0,0,3,0,0
mlp,topology,rolling_all,285,1,0,9,0,0,3,0,0
svm,airl_H,acute,149,0,0,8,0,0,2,0,0
svm,airl_P,acute,149,0,0,8,0,0,2,0,0
svm,airl,acute,149,0,0,8,0,0,2,0,0
svm,bc,acute,149,0,0,8,0,0,2,0,0
svm,empirical,acute,149,0,0,8,0,0,2,0,0
svm,logit,acute,149,0,0,8,0,0,2,0,0
svm,none,acute,149,0,0,8,0,0,2,0,0
svm,route_id+airl,acute,149,0,0,8,0,0,2,0,0
svm,route_id+bc,acute,149,0,0,8,0,0,2,0,0
svm,route_id+empirical,acute,149,0,0,8,0,0,2,0,0
svm,route_id,acute,149,0,0,8,0,0,2,0,0
svm,topology,acute,149,0,0,8,0,0,2,0,0
svm,airl_H,all,570,0,0,9,0,0,4,0,0
svm,airl_P,all,570,0,0,9,0,0,4,0,0
svm,airl,all,570,0,0,9,0,0,4,0,0
svm,bc,all,570,0,0,9,0,0,4,0,0
svm,empirical,all,570,0,0,9,0,0,4,0,0
svm,logit,all,570,0,0,9,0,0,4,0,0
svm,none,all,570,0,0,9,0,0,4,0,0
svm,route_id+airl,all,570,0,0,9,0,0,4,0,0
svm,route_id+bc,all,570,0,0,9,0,0,4,0,0
svm,route_id+empirical,all,570,0,0,9,0,0,4,0,0
svm,route_id,all,570,0,0,9,0,0,4,0,0
svm,topology,all,570,0,0,9,0,0,4,0,0
svm,airl_H,landfall,30,0,0,5,0,0,1,0,0
svm,airl_P,landfall,30,0,0,5,0,0,1,0,0
svm,airl,landfall,30,0,0,5,0,0,1,0,0
svm,bc,landfall,30,0,0,5,0,0,1,0,0
svm,empirical,landfall,30,0,0,5,0,0,1,0,0
svm,logit,landfall,30,0,0,5,0,0,1,0,0
svm,none,landfall,30,0,0,5,0,0,1,0,0
svm,route_id+airl,landfall,30,0,0,5,0,0,1,0,0
svm,route_id+bc,landfall,30,0,0,5,0,0,1,0,0
svm,route_id+empirical,landfall,30,0,0,5,0,0,1,0,0
svm,route_id,landfall,30,0,0,5,0,0,1,0,0
svm,topology,landfall,30,0,0,5,0,0,1,0,0
svm,airl_H,late,284,0,0,0,0,0,1,0,0
svm,airl_P,late,284,0,0,0,0,0,1,0,0
svm,airl,late,284,0,0,0,0,0,1,0,0
svm,bc,late,284,0,0,0,0,0,1,0,0
svm,empirical,late,284,0,0,0,0,0,1,0,0
svm,logit,late,284,0,0,0,0,0,1,0,0
svm,none,late,284,0,0,0,0,0,1,0,0
svm,route_id+airl,late,284,0,0,0,0,0,1,0,0
svm,route_id+bc,late,284,0,0,0,0,0,1,0,0
svm,route_id+empirical,late,284,0,0,0,0,0,1,0,0
svm,route_id,late,284,0,0,0,0,0,1,0,0
svm,topology,late,284,0,0,0,0,0,1,0,0
svm,airl_H,pre_landfall,119,0,0,3,0,0,1,0,0
svm,airl_P,pre_landfall,119,0,0,3,0,0,1,0,0
svm,airl,pre_landfall,119,0,0,3,0,0,1,0,0
svm,bc,pre_landfall,119,0,0,3,0,0,1,0,0
svm,empirical,pre_landfall,119,0,0,3,0,0,1,0,0
svm,logit,pre_landfall,119,0,0,3,0,0,1,0,0
svm,none,pre_landfall,119,0,0,3,0,0,1,0,0
svm,route_id+airl,pre_landfall,119,0,0,3,0,0,1,0,0
svm,route_id+bc,pre_landfall,119,0,0,3,0,0,1,0,0
svm,route_id+empirical,pre_landfall,119,0,0,3,0,0,1,0,0
svm,route_id,pre_landfall,119,0,0,3,0,0,1,0,0
svm,topology,pre_landfall,119,0,0,3,0,0,1,0,0
svm,airl_H,recovery,137,0,0,1,0,0,1,0,0
svm,airl_P,recovery,137,0,0,1,0,0,1,0,0
svm,airl,recovery,137,0,0,1,0,0,1,0,0
svm,bc,recovery,137,0,0,1,0,0,1,0,0
svm,empirical,recovery,137,0,0,1,0,0,1,0,0
svm,logit,recovery,137,0,0,1,0,0,1,0,0
svm,none,recovery,137,0,0,1,0,0,1,0,0
svm,route_id+airl,recovery,137,0,0,1,0,0,1,0,0
svm,route_id+bc,recovery,137,0,0,1,0,0,1,0,0
svm,route_id+empirical,recovery,137,0,0,1,0,0,1,0,0
svm,route_id,recovery,137,0,0,1,0,0,1,0,0
svm,topology,recovery,137,0,0,1,0,0,1,0,0
svm,airl_H,rolling_all,286,0,0,9,0,0,3,0,0
svm,airl_P,rolling_all,286,0,0,9,0,0,3,0,0
svm,airl,rolling_all,286,0,0,9,0,0,3,0,0
svm,bc,rolling_all,286,0,0,9,0,0,3,0,0
svm,empirical,rolling_all,286,0,0,9,0,0,3,0,0
svm,logit,rolling_all,286,0,0,9,0,0,3,0,0
svm,none,rolling_all,286,0,0,9,0,0,3,0,0
svm,route_id+airl,rolling_all,286,0,0,9,0,0,3,0,0
svm,route_id+bc,rolling_all,286,0,0,9,0,0,3,0,0
svm,route_id+empirical,rolling_all,286,0,0,9,0,0,3,0,0
svm,route_id,rolling_all,286,0,0,9,0,0,3,0,0
svm,topology,rolling_all,286,0,0,9,0,0,3,0,0
