regime,fold,test_transitions,frac_source_unseen,frac_action_outside_A,test_lb_unseen
pooled,r0908,32243,0.0,0.0003411593214031,0.0
pooled,r0909,32014,0.0,0.0005622540138688,0.0
pooled,r0910,32669,0.0,0.0002448804677216,0.0
pooled,r0911,30119,0.0,0.000365217968724,0.0
pooled,r0912,16902,0.0,0.0002366583836231,0.9534374630221276
pooled,r0913,15972,0.0,0.0001878287002253,0.0
pooled,r0914,25638,0.0,0.0001560184101724,0.9783524455885796
pooled,r0915,9101,0.0,0.0008790242830458,0.9473684210526316
pooled,r0916,9121,0.0,0.0007674597083653,0.9906808463984212
pooled,r0917,30865,0.0,0.0005183865219504,0.980171715535396
pooled,r0918,35597,0.0,0.0006461218642019,0.9716830069949716
pooled,r0919,27258,0.0,0.0008071025020177,0.0
pooled,r0920,22986,0.0,0.000348037936135,0.9736361263377707
pooled,r0921,35779,0.0,0.000642835182649,0.0
pooled,r0922,37177,0.0,0.0005110686714904,0.0
pooled,r0923,39684,0.0,0.0003023888720895,0.0
pooled,r0924,35923,0.0,0.0003618851432229,0.0
pooled,r0925,35749,0.0,0.0003636465355674,0.0
pooled,r0926,20562,0.0,0.0001459002042603,0.0
pooled,late,471747,0.0,0.00027345165947,0.0
2020_only,r0908,32243,0.0,0.0006823186428062,0.0
2020_only,r0909,32014,0.0,0.0008121446866995,0.0
2020_only,r0910,32669,0.0,0.0004591508769781,0.0
2020_only,r0911,30119,0.0,0.0007304359374481,0.0
2020_only,r0912,16902,0.0,0.000295822979529,0.9534374630221276
2020_only,r0913,15972,0.0,0.0005008765339343,0.0
2020_only,r0914,25638,0.0,0.0003120368203447,0.9783524455885796
2020_only,r0915,9101,0.0,0.0010987803538072,0.9473684210526316
2020_only,r0916,9121,0.0,0.0010963710119504,0.9906808463984212
2020_only,r0917,30865,0.0,0.0010043738862789,0.980171715535396
2020_only,r0918,35597,0.0,0.0010394134337162,0.9716830069949716
2020_only,r0919,27258,0.0,0.0011739672756622,0.0
2020_only,r0920,22986,0.0,0.0006090663882363,0.9736361263377707
2020_only,r0921,35779,0.0,0.0010341261633919,0.0
2020_only,r0922,37177,0.0,0.000726255480539,0.0
2020_only,r0923,39684,0.0,0.0005039814534825,0.0
2020_only,r0924,35923,0.0,0.0005567463741892,0.0
2020_only,r0925,35749,0.0,0.0004195921564239,0.0
2020_only,r0926,20562,0.0,0.0003890672113607,0.0
2020_only,late,471747,0.0,0.0003900395762983,0.0
